store_id,sku_id,stock_on_hand,calibrated_forecast_30d,calibrated_forecast_60d,calibrated_forecast_90d,planning_daily_demand,planning_stockout_risk,planning_inventory_risk,business_action,recommended_action
22,1128,447,0.0,0.0,0.0,0.0,NO_FORECAST_DEMAND,NO_FORECAST_DEMAND,NO_ACTION_REVIEW_DORMANT,REVIEW_DORMANT_STOCK
28,1094,442,0.0,0.0,0.0,0.0,NO_FORECAST_DEMAND,NO_FORECAST_DEMAND,NO_ACTION_REVIEW_DORMANT,REVIEW_DORMANT_STOCK
34,1104,431,0.0,0.0,0.0,0.0,NO_FORECAST_DEMAND,NO_FORECAST_DEMAND,NO_ACTION_REVIEW_DORMANT,REVIEW_DORMANT_STOCK
33,1086,425,0.0,0.0,0.0,0.0,NO_FORECAST_DEMAND,NO_FORECAST_DEMAND,NO_ACTION_REVIEW_DORMANT,REVIEW_DORMANT_STOCK
10,1110,417,0.0,0.0,0.0,0.0,NO_FORECAST_DEMAND,NO_FORECAST_DEMAND,NO_ACTION_REVIEW_DORMANT,REVIEW_DORMANT_STOCK
41,1086,414,0.0,0.0,0.0,0.0,NO_FORECAST_DEMAND,NO_FORECAST_DEMAND,NO_ACTION_REVIEW_DORMANT,REVIEW_DORMANT_STOCK
9,1127,414,0.0,0.0,0.0,0.0,NO_FORECAST_DEMAND,NO_FORECAST_DEMAND,NO_ACTION_REVIEW_DORMANT,REVIEW_DORMANT_STOCK
10,1128,407,0.0,0.0,0.0,0.0,NO_FORECAST_DEMAND,NO_FORECAST_DEMAND,NO_ACTION_REVIEW_DORMANT,REVIEW_DORMANT_STOCK
15,1127,406,0.0,0.0,0.0,0.0,NO_FORECAST_DEMAND,NO_FORECAST_DEMAND,NO_ACTION_REVIEW_DORMANT,REVIEW_DORMANT_STOCK
19,1029,398,0.0,0.0,0.0,0.0,NO_FORECAST_DEMAND,NO_FORECAST_DEMAND,NO_ACTION_REVIEW_DORMANT,REVIEW_DORMANT_STOCK
11,1128,390,0.0,0.0,0.0,0.0,NO_FORECAST_DEMAND,NO_FORECAST_DEMAND,NO_ACTION_REVIEW_DORMANT,REVIEW_DORMANT_STOCK
29,1105,373,0.0,0.0,0.0,0.0,NO_FORECAST_DEMAND,NO_FORECAST_DEMAND,NO_ACTION_REVIEW_DORMANT,REVIEW_DORMANT_STOCK
15,1188,355,0.0,0.0,0.0,0.0,NO_FORECAST_DEMAND,NO_FORECAST_DEMAND,NO_ACTION_REVIEW_DORMANT,REVIEW_DORMANT_STOCK
22,1056,353,0.0,0.0,0.0,0.0,NO_FORECAST_DEMAND,NO_FORECAST_DEMAND,NO_ACTION_REVIEW_DORMANT,REVIEW_DORMANT_STOCK
9,1119,342,0.0,0.0,0.0,0.0,NO_FORECAST_DEMAND,NO_FORECAST_DEMAND,NO_ACTION_REVIEW_DORMANT,REVIEW_DORMANT_STOCK
28,1075,340,0.0,0.0,0.0,0.0,NO_FORECAST_DEMAND,NO_FORECAST_DEMAND,NO_ACTION_REVIEW_DORMANT,REVIEW_DORMANT_STOCK
8,1054,335,0.0,0.0,0.0,0.0,NO_FORECAST_DEMAND,NO_FORECAST_DEMAND,NO_ACTION_REVIEW_DORMANT,REVIEW_DORMANT_STOCK
30,1120,334,0.0,0.0,0.0,0.0,NO_FORECAST_DEMAND,NO_FORECAST_DEMAND,NO_ACTION_REVIEW_DORMANT,REVIEW_DORMANT_STOCK
12,1128,333,0.0,0.0,0.0,0.0,NO_FORECAST_DEMAND,NO_FORECAST_DEMAND,NO_ACTION_REVIEW_DORMANT,REVIEW_DORMANT_STOCK
17,1177,333,0.0,0.0,0.0,0.0,NO_FORECAST_DEMAND,NO_FORECAST_DEMAND,NO_ACTION_REVIEW_DORMANT,REVIEW_DORMANT_STOCK
34,1127,332,0.0,0.0,0.0,0.0,NO_FORECAST_DEMAND,NO_FORECAST_DEMAND,NO_ACTION_REVIEW_DORMANT,REVIEW_DORMANT_STOCK
29,1178,328,0.0,0.0,0.0,0.0,NO_FORECAST_DEMAND,NO_FORECAST_DEMAND,NO_ACTION_REVIEW_DORMANT,REVIEW_DORMANT_STOCK
29,1053,327,0.0,0.0,0.0,0.0,NO_FORECAST_DEMAND,NO_FORECAST_DEMAND,NO_ACTION_REVIEW_DORMANT,REVIEW_DORMANT_STOCK
35,1103,325,0.0,0.0,0.0,0.0,NO_FORECAST_DEMAND,NO_FORECAST_DEMAND,NO_ACTION_REVIEW_DORMANT,REVIEW_DORMANT_STOCK
33,1195,325,0.0,0.0,0.0,0.0,NO_FORECAST_DEMAND,NO_FORECAST_DEMAND,NO_ACTION_REVIEW_DORMANT,REVIEW_DORMANT_STOCK
12,1014,323,0.0,0.0,0.0,0.0,NO_FORECAST_DEMAND,NO_FORECAST_DEMAND,NO_ACTION_REVIEW_DORMANT,REVIEW_DORMANT_STOCK
33,1198,322,0.0,0.0,0.0,0.0,NO_FORECAST_DEMAND,NO_FORECAST_DEMAND,NO_ACTION_REVIEW_DORMANT,REVIEW_DORMANT_STOCK
28,1111,322,0.0,0.0,0.0,0.0,NO_FORECAST_DEMAND,NO_FORECAST_DEMAND,NO_ACTION_REVIEW_DORMANT,REVIEW_DORMANT_STOCK
45,1121,321,0.0,0.0,0.0,0.0,NO_FORECAST_DEMAND,NO_FORECAST_DEMAND,NO_ACTION_REVIEW_DORMANT,REVIEW_DORMANT_STOCK
19,1119,321,0.0,0.0,0.0,0.0,NO_FORECAST_DEMAND,NO_FORECAST_DEMAND,NO_ACTION_REVIEW_DORMANT,REVIEW_DORMANT_STOCK
12,1090,320,0.0,0.0,0.0,0.0,NO_FORECAST_DEMAND,NO_FORECAST_DEMAND,NO_ACTION_REVIEW_DORMANT,REVIEW_DORMANT_STOCK
11,1039,318,0.0,0.0,0.0,0.0,NO_FORECAST_DEMAND,NO_FORECAST_DEMAND,NO_ACTION_REVIEW_DORMANT,REVIEW_DORMANT_STOCK
34,1108,317,0.0,0.0,0.0,0.0,NO_FORECAST_DEMAND,NO_FORECAST_DEMAND,NO_ACTION_REVIEW_DORMANT,REVIEW_DORMANT_STOCK
15,1143,316,0.0,0.0,0.0,0.0,NO_FORECAST_DEMAND,NO_FORECAST_DEMAND,NO_ACTION_REVIEW_DORMANT,REVIEW_DORMANT_STOCK
27,1127,315,0.0,0.0,0.0,0.0,NO_FORECAST_DEMAND,NO_FORECAST_DEMAND,NO_ACTION_REVIEW_DORMANT,REVIEW_DORMANT_STOCK
2,1010,315,0.0,0.0,0.0,0.0,NO_FORECAST_DEMAND,NO_FORECAST_DEMAND,NO_ACTION_REVIEW_DORMANT,REVIEW_DORMANT_STOCK
14,1132,315,0.0,0.0,0.0,0.0,NO_FORECAST_DEMAND,NO_FORECAST_DEMAND,NO_ACTION_REVIEW_DORMANT,REVIEW_DORMANT_STOCK
36,1067,311,0.0,0.0,0.0,0.0,NO_FORECAST_DEMAND,NO_FORECAST_DEMAND,NO_ACTION_REVIEW_DORMANT,REVIEW_DORMANT_STOCK
29,1198,309,0.0,0.0,0.0,0.0,NO_FORECAST_DEMAND,NO_FORECAST_DEMAND,NO_ACTION_REVIEW_DORMANT,REVIEW_DORMANT_STOCK
10,1119,308,0.0,0.0,0.0,0.0,NO_FORECAST_DEMAND,NO_FORECAST_DEMAND,NO_ACTION_REVIEW_DORMANT,REVIEW_DORMANT_STOCK
38,1024,306,0.0,0.0,0.0,0.0,NO_FORECAST_DEMAND,NO_FORECAST_DEMAND,NO_ACTION_REVIEW_DORMANT,REVIEW_DORMANT_STOCK
23,1030,304,0.0,0.0,0.0,0.0,NO_FORECAST_DEMAND,NO_FORECAST_DEMAND,NO_ACTION_REVIEW_DORMANT,REVIEW_DORMANT_STOCK
34,1132,303,0.0,0.0,0.0,0.0,NO_FORECAST_DEMAND,NO_FORECAST_DEMAND,NO_ACTION_REVIEW_DORMANT,REVIEW_DORMANT_STOCK
50,1070,301,0.0,0.0,0.0,0.0,NO_FORECAST_DEMAND,NO_FORECAST_DEMAND,NO_ACTION_REVIEW_DORMANT,REVIEW_DORMANT_STOCK
41,1192,301,0.0,0.0,0.0,0.0,NO_FORECAST_DEMAND,NO_FORECAST_DEMAND,NO_ACTION_REVIEW_DORMANT,REVIEW_DORMANT_STOCK
22,1061,299,0.0,0.0,0.0,0.0,NO_FORECAST_DEMAND,NO_FORECAST_DEMAND,NO_ACTION_REVIEW_DORMANT,REVIEW_DORMANT_STOCK
35,1075,299,0.0,0.0,0.0,0.0,NO_FORECAST_DEMAND,NO_FORECAST_DEMAND,NO_ACTION_REVIEW_DORMANT,REVIEW_DORMANT_STOCK
34,1032,297,0.0,0.0,0.0,0.0,NO_FORECAST_DEMAND,NO_FORECAST_DEMAND,NO_ACTION_REVIEW_DORMANT,REVIEW_DORMANT_STOCK
8,1177,295,0.0,0.0,0.0,0.0,NO_FORECAST_DEMAND,NO_FORECAST_DEMAND,NO_ACTION_REVIEW_DORMANT,REVIEW_DORMANT_STOCK
15,1067,295,0.0,0.0,0.0,0.0,NO_FORECAST_DEMAND,NO_FORECAST_DEMAND,NO_ACTION_REVIEW_DORMANT,REVIEW_DORMANT_STOCK
22,1180,293,0.0,0.0,0.0,0.0,NO_FORECAST_DEMAND,NO_FORECAST_DEMAND,NO_ACTION_REVIEW_DORMANT,REVIEW_DORMANT_STOCK
9,1181,290,0.0,0.0,0.0,0.0,NO_FORECAST_DEMAND,NO_FORECAST_DEMAND,NO_ACTION_REVIEW_DORMANT,REVIEW_DORMANT_STOCK
8,1192,290,0.0,0.0,0.0,0.0,NO_FORECAST_DEMAND,NO_FORECAST_DEMAND,NO_ACTION_REVIEW_DORMANT,REVIEW_DORMANT_STOCK
17,1132,289,0.0,0.0,0.0,0.0,NO_FORECAST_DEMAND,NO_FORECAST_DEMAND,NO_ACTION_REVIEW_DORMANT,REVIEW_DORMANT_STOCK
17,1136,289,0.0,0.0,0.0,0.0,NO_FORECAST_DEMAND,NO_FORECAST_DEMAND,NO_ACTION_REVIEW_DORMANT,REVIEW_DORMANT_STOCK
34,1116,285,0.0,0.0,0.0,0.0,NO_FORECAST_DEMAND,NO_FORECAST_DEMAND,NO_ACTION_REVIEW_DORMANT,REVIEW_DORMANT_STOCK
9,1193,285,0.0,0.0,0.0,0.0,NO_FORECAST_DEMAND,NO_FORECAST_DEMAND,NO_ACTION_REVIEW_DORMANT,REVIEW_DORMANT_STOCK
44,1020,282,0.0,0.0,0.0,0.0,NO_FORECAST_DEMAND,NO_FORECAST_DEMAND,NO_ACTION_REVIEW_DORMANT,REVIEW_DORMANT_STOCK
22,1188,281,0.0,0.0,0.0,0.0,NO_FORECAST_DEMAND,NO_FORECAST_DEMAND,NO_ACTION_REVIEW_DORMANT,REVIEW_DORMANT_STOCK
2,1069,280,0.0,0.0,0.0,0.0,NO_FORECAST_DEMAND,NO_FORECAST_DEMAND,NO_ACTION_REVIEW_DORMANT,REVIEW_DORMANT_STOCK
40,1024,279,0.0,0.0,0.0,0.0,NO_FORECAST_DEMAND,NO_FORECAST_DEMAND,NO_ACTION_REVIEW_DORMANT,REVIEW_DORMANT_STOCK
5,1196,275,0.0,0.0,0.0,0.0,NO_FORECAST_DEMAND,NO_FORECAST_DEMAND,NO_ACTION_REVIEW_DORMANT,REVIEW_DORMANT_STOCK
50,1011,272,0.0,0.0,0.0,0.0,NO_FORECAST_DEMAND,NO_FORECAST_DEMAND,NO_ACTION_REVIEW_DORMANT,REVIEW_DORMANT_STOCK
5,1024,272,0.0,0.0,0.0,0.0,NO_FORECAST_DEMAND,NO_FORECAST_DEMAND,NO_ACTION_REVIEW_DORMANT,REVIEW_DORMANT_STOCK
23,1014,272,0.0,0.0,0.0,0.0,NO_FORECAST_DEMAND,NO_FORECAST_DEMAND,NO_ACTION_REVIEW_DORMANT,REVIEW_DORMANT_STOCK
23,1097,271,0.0,0.0,0.0,0.0,NO_FORECAST_DEMAND,NO_FORECAST_DEMAND,NO_ACTION_REVIEW_DORMANT,REVIEW_DORMANT_STOCK
49,1187,269,0.0,0.0,0.0,0.0,NO_FORECAST_DEMAND,NO_FORECAST_DEMAND,NO_ACTION_REVIEW_DORMANT,REVIEW_DORMANT_STOCK
47,1029,269,0.0,0.0,0.0,0.0,NO_FORECAST_DEMAND,NO_FORECAST_DEMAND,NO_ACTION_REVIEW_DORMANT,REVIEW_DORMANT_STOCK
14,1058,269,0.0,0.0,0.0,0.0,NO_FORECAST_DEMAND,NO_FORECAST_DEMAND,NO_ACTION_REVIEW_DORMANT,REVIEW_DORMANT_STOCK
50,1166,266,0.0,0.0,0.0,0.0,NO_FORECAST_DEMAND,NO_FORECAST_DEMAND,NO_ACTION_REVIEW_DORMANT,REVIEW_DORMANT_STOCK
12,1187,266,0.0,0.0,0.0,0.0,NO_FORECAST_DEMAND,NO_FORECAST_DEMAND,NO_ACTION_REVIEW_DORMANT,REVIEW_DORMANT_STOCK
28,1108,263,0.0,0.0,0.0,0.0,NO_FORECAST_DEMAND,NO_FORECAST_DEMAND,NO_ACTION_REVIEW_DORMANT,REVIEW_DORMANT_STOCK
38,1063,263,0.0,0.0,0.0,0.0,NO_FORECAST_DEMAND,NO_FORECAST_DEMAND,NO_ACTION_REVIEW_DORMANT,REVIEW_DORMANT_STOCK
27,1050,263,0.0,0.0,0.0,0.0,NO_FORECAST_DEMAND,NO_FORECAST_DEMAND,NO_ACTION_REVIEW_DORMANT,REVIEW_DORMANT_STOCK
34,1097,263,0.0,0.0,0.0,0.0,NO_FORECAST_DEMAND,NO_FORECAST_DEMAND,NO_ACTION_REVIEW_DORMANT,REVIEW_DORMANT_STOCK
8,1121,262,0.0,0.0,0.0,0.0,NO_FORECAST_DEMAND,NO_FORECAST_DEMAND,NO_ACTION_REVIEW_DORMANT,REVIEW_DORMANT_STOCK
23,1003,261,0.0,0.0,0.0,0.0,NO_FORECAST_DEMAND,NO_FORECAST_DEMAND,NO_ACTION_REVIEW_DORMANT,REVIEW_DORMANT_STOCK
2,1097,261,0.0,0.0,0.0,0.0,NO_FORECAST_DEMAND,NO_FORECAST_DEMAND,NO_ACTION_REVIEW_DORMANT,REVIEW_DORMANT_STOCK
23,1099,259,0.0,0.0,0.0,0.0,NO_FORECAST_DEMAND,NO_FORECAST_DEMAND,NO_ACTION_REVIEW_DORMANT,REVIEW_DORMANT_STOCK
26,1054,259,0.0,0.0,0.0,0.0,NO_FORECAST_DEMAND,NO_FORECAST_DEMAND,NO_ACTION_REVIEW_DORMANT,REVIEW_DORMANT_STOCK
22,1196,259,0.0,0.0,0.0,0.0,NO_FORECAST_DEMAND,NO_FORECAST_DEMAND,NO_ACTION_REVIEW_DORMANT,REVIEW_DORMANT_STOCK
5,1063,257,0.0,0.0,0.0,0.0,NO_FORECAST_DEMAND,NO_FORECAST_DEMAND,NO_ACTION_REVIEW_DORMANT,REVIEW_DORMANT_STOCK
8,1031,256,0.0,0.0,0.0,0.0,NO_FORECAST_DEMAND,NO_FORECAST_DEMAND,NO_ACTION_REVIEW_DORMANT,REVIEW_DORMANT_STOCK
23,1190,256,0.0,0.0,0.0,0.0,NO_FORECAST_DEMAND,NO_FORECAST_DEMAND,NO_ACTION_REVIEW_DORMANT,REVIEW_DORMANT_STOCK
5,1020,256,0.0,0.0,0.0,0.0,NO_FORECAST_DEMAND,NO_FORECAST_DEMAND,NO_ACTION_REVIEW_DORMANT,REVIEW_DORMANT_STOCK
23,1044,255,0.0,0.0,0.0,0.0,NO_FORECAST_DEMAND,NO_FORECAST_DEMAND,NO_ACTION_REVIEW_DORMANT,REVIEW_DORMANT_STOCK
2,1044,255,0.0,0.0,0.0,0.0,NO_FORECAST_DEMAND,NO_FORECAST_DEMAND,NO_ACTION_REVIEW_DORMANT,REVIEW_DORMANT_STOCK
29,1163,255,0.0,0.0,0.0,0.0,NO_FORECAST_DEMAND,NO_FORECAST_DEMAND,NO_ACTION_REVIEW_DORMANT,REVIEW_DORMANT_STOCK
10,1023,252,0.0,0.0,0.0,0.0,NO_FORECAST_DEMAND,NO_FORECAST_DEMAND,NO_ACTION_REVIEW_DORMANT,REVIEW_DORMANT_STOCK
14,1187,250,0.0,0.0,0.0,0.0,NO_FORECAST_DEMAND,NO_FORECAST_DEMAND,NO_ACTION_REVIEW_DORMANT,REVIEW_DORMANT_STOCK
50,1139,250,0.0,0.0,0.0,0.0,NO_FORECAST_DEMAND,NO_FORECAST_DEMAND,NO_ACTION_REVIEW_DORMANT,REVIEW_DORMANT_STOCK
7,1093,249,0.0,0.0,0.0,0.0,NO_FORECAST_DEMAND,NO_FORECAST_DEMAND,NO_ACTION_REVIEW_DORMANT,REVIEW_DORMANT_STOCK
36,1177,249,0.0,0.0,0.0,0.0,NO_FORECAST_DEMAND,NO_FORECAST_DEMAND,NO_ACTION_REVIEW_DORMANT,REVIEW_DORMANT_STOCK
29,1181,247,0.0,0.0,0.0,0.0,NO_FORECAST_DEMAND,NO_FORECAST_DEMAND,NO_ACTION_REVIEW_DORMANT,REVIEW_DORMANT_STOCK
47,1101,246,0.0,0.0,0.0,0.0,NO_FORECAST_DEMAND,NO_FORECAST_DEMAND,NO_ACTION_REVIEW_DORMANT,REVIEW_DORMANT_STOCK
2,1120,246,0.0,0.0,0.0,0.0,NO_FORECAST_DEMAND,NO_FORECAST_DEMAND,NO_ACTION_REVIEW_DORMANT,REVIEW_DORMANT_STOCK
14,1182,245,0.0,0.0,0.0,0.0,NO_FORECAST_DEMAND,NO_FORECAST_DEMAND,NO_ACTION_REVIEW_DORMANT,REVIEW_DORMANT_STOCK
12,1048,245,0.0,0.0,0.0,0.0,NO_FORECAST_DEMAND,NO_FORECAST_DEMAND,NO_ACTION_REVIEW_DORMANT,REVIEW_DORMANT_STOCK
22,1077,244,0.0,0.0,0.0,0.0,NO_FORECAST_DEMAND,NO_FORECAST_DEMAND,NO_ACTION_REVIEW_DORMANT,REVIEW_DORMANT_STOCK
28,1147,242,0.0,0.0,0.0,0.0,NO_FORECAST_DEMAND,NO_FORECAST_DEMAND,NO_ACTION_REVIEW_DORMANT,REVIEW_DORMANT_STOCK
41,1074,241,0.0,0.0,0.0,0.0,NO_FORECAST_DEMAND,NO_FORECAST_DEMAND,NO_ACTION_REVIEW_DORMANT,REVIEW_DORMANT_STOCK
29,1188,241,0.0,0.0,0.0,0.0,NO_FORECAST_DEMAND,NO_FORECAST_DEMAND,NO_ACTION_REVIEW_DORMANT,REVIEW_DORMANT_STOCK
5,1188,241,0.0,0.0,0.0,0.0,NO_FORECAST_DEMAND,NO_FORECAST_DEMAND,NO_ACTION_REVIEW_DORMANT,REVIEW_DORMANT_STOCK
26,1090,240,0.0,0.0,0.0,0.0,NO_FORECAST_DEMAND,NO_FORECAST_DEMAND,NO_ACTION_REVIEW_DORMANT,REVIEW_DORMANT_STOCK
28,1064,240,0.0,0.0,0.0,0.0,NO_FORECAST_DEMAND,NO_FORECAST_DEMAND,NO_ACTION_REVIEW_DORMANT,REVIEW_DORMANT_STOCK
27,1002,240,0.0,0.0,0.0,0.0,NO_FORECAST_DEMAND,NO_FORECAST_DEMAND,NO_ACTION_REVIEW_DORMANT,REVIEW_DORMANT_STOCK
30,1198,238,0.0,0.0,0.0,0.0,NO_FORECAST_DEMAND,NO_FORECAST_DEMAND,NO_ACTION_REVIEW_DORMANT,REVIEW_DORMANT_STOCK
41,1062,237,0.0,0.0,0.0,0.0,NO_FORECAST_DEMAND,NO_FORECAST_DEMAND,NO_ACTION_REVIEW_DORMANT,REVIEW_DORMANT_STOCK
30,1070,237,0.0,0.0,0.0,0.0,NO_FORECAST_DEMAND,NO_FORECAST_DEMAND,NO_ACTION_REVIEW_DORMANT,REVIEW_DORMANT_STOCK
11,1085,236,0.0,0.0,0.0,0.0,NO_FORECAST_DEMAND,NO_FORECAST_DEMAND,NO_ACTION_REVIEW_DORMANT,REVIEW_DORMANT_STOCK
23,1105,235,0.0,0.0,0.0,0.0,NO_FORECAST_DEMAND,NO_FORECAST_DEMAND,NO_ACTION_REVIEW_DORMANT,REVIEW_DORMANT_STOCK
33,1099,234,0.0,0.0,0.0,0.0,NO_FORECAST_DEMAND,NO_FORECAST_DEMAND,NO_ACTION_REVIEW_DORMANT,REVIEW_DORMANT_STOCK
38,1160,234,0.0,0.0,0.0,0.0,NO_FORECAST_DEMAND,NO_FORECAST_DEMAND,NO_ACTION_REVIEW_DORMANT,REVIEW_DORMANT_STOCK
8,1117,234,0.0,0.0,0.0,0.0,NO_FORECAST_DEMAND,NO_FORECAST_DEMAND,NO_ACTION_REVIEW_DORMANT,REVIEW_DORMANT_STOCK
11,1063,233,0.0,0.0,0.0,0.0,NO_FORECAST_DEMAND,NO_FORECAST_DEMAND,NO_ACTION_REVIEW_DORMANT,REVIEW_DORMANT_STOCK
30,1170,233,0.0,0.0,0.0,0.0,NO_FORECAST_DEMAND,NO_FORECAST_DEMAND,NO_ACTION_REVIEW_DORMANT,REVIEW_DORMANT_STOCK
36,1004,233,0.0,0.0,0.0,0.0,NO_FORECAST_DEMAND,NO_FORECAST_DEMAND,NO_ACTION_REVIEW_DORMANT,REVIEW_DORMANT_STOCK
38,1103,233,0.0,0.0,0.0,0.0,NO_FORECAST_DEMAND,NO_FORECAST_DEMAND,NO_ACTION_REVIEW_DORMANT,REVIEW_DORMANT_STOCK
46,1029,229,0.0,0.0,0.0,0.0,NO_FORECAST_DEMAND,NO_FORECAST_DEMAND,NO_ACTION_REVIEW_DORMANT,REVIEW_DORMANT_STOCK
19,1181,228,0.0,0.0,0.0,0.0,NO_FORECAST_DEMAND,NO_FORECAST_DEMAND,NO_ACTION_REVIEW_DORMANT,REVIEW_DORMANT_STOCK
17,1116,228,0.0,0.0,0.0,0.0,NO_FORECAST_DEMAND,NO_FORECAST_DEMAND,NO_ACTION_REVIEW_DORMANT,REVIEW_DORMANT_STOCK
48,1004,228,0.0,0.0,0.0,0.0,NO_FORECAST_DEMAND,NO_FORECAST_DEMAND,NO_ACTION_REVIEW_DORMANT,REVIEW_DORMANT_STOCK
36,1010,226,0.0,0.0,0.0,0.0,NO_FORECAST_DEMAND,NO_FORECAST_DEMAND,NO_ACTION_REVIEW_DORMANT,REVIEW_DORMANT_STOCK
16,1081,226,0.0,0.0,0.0,0.0,NO_FORECAST_DEMAND,NO_FORECAST_DEMAND,NO_ACTION_REVIEW_DORMANT,REVIEW_DORMANT_STOCK
50,1124,226,0.0,0.0,0.0,0.0,NO_FORECAST_DEMAND,NO_FORECAST_DEMAND,NO_ACTION_REVIEW_DORMANT,REVIEW_DORMANT_STOCK
41,1140,225,0.0,0.0,0.0,0.0,NO_FORECAST_DEMAND,NO_FORECAST_DEMAND,NO_ACTION_REVIEW_DORMANT,REVIEW_DORMANT_STOCK
41,1108,224,0.0,0.0,0.0,0.0,NO_FORECAST_DEMAND,NO_FORECAST_DEMAND,NO_ACTION_REVIEW_DORMANT,REVIEW_DORMANT_STOCK
50,1158,224,0.0,0.0,0.0,0.0,NO_FORECAST_DEMAND,NO_FORECAST_DEMAND,NO_ACTION_REVIEW_DORMANT,REVIEW_DORMANT_STOCK
22,1198,224,0.0,0.0,0.0,0.0,NO_FORECAST_DEMAND,NO_FORECAST_DEMAND,NO_ACTION_REVIEW_DORMANT,REVIEW_DORMANT_STOCK
35,1177,224,0.0,0.0,0.0,0.0,NO_FORECAST_DEMAND,NO_FORECAST_DEMAND,NO_ACTION_REVIEW_DORMANT,REVIEW_DORMANT_STOCK
45,1093,224,0.0,0.0,0.0,0.0,NO_FORECAST_DEMAND,NO_FORECAST_DEMAND,NO_ACTION_REVIEW_DORMANT,REVIEW_DORMANT_STOCK
41,1121,224,0.0,0.0,0.0,0.0,NO_FORECAST_DEMAND,NO_FORECAST_DEMAND,NO_ACTION_REVIEW_DORMANT,REVIEW_DORMANT_STOCK
28,1012,224,0.0,0.0,0.0,0.0,NO_FORECAST_DEMAND,NO_FORECAST_DEMAND,NO_ACTION_REVIEW_DORMANT,REVIEW_DORMANT_STOCK
31,1167,223,0.0,0.0,0.0,0.0,NO_FORECAST_DEMAND,NO_FORECAST_DEMAND,NO_ACTION_REVIEW_DORMANT,REVIEW_DORMANT_STOCK
31,1013,223,0.0,0.0,0.0,0.0,NO_FORECAST_DEMAND,NO_FORECAST_DEMAND,NO_ACTION_REVIEW_DORMANT,REVIEW_DORMANT_STOCK
9,1140,223,0.0,0.0,0.0,0.0,NO_FORECAST_DEMAND,NO_FORECAST_DEMAND,NO_ACTION_REVIEW_DORMANT,REVIEW_DORMANT_STOCK
20,1086,222,0.0,0.0,0.0,0.0,NO_FORECAST_DEMAND,NO_FORECAST_DEMAND,NO_ACTION_REVIEW_DORMANT,REVIEW_DORMANT_STOCK
38,1013,222,0.0,0.0,0.0,0.0,NO_FORECAST_DEMAND,NO_FORECAST_DEMAND,NO_ACTION_REVIEW_DORMANT,REVIEW_DORMANT_STOCK
16,1187,222,0.0,0.0,0.0,0.0,NO_FORECAST_DEMAND,NO_FORECAST_DEMAND,NO_ACTION_REVIEW_DORMANT,REVIEW_DORMANT_STOCK
33,1192,221,0.0,0.0,0.0,0.0,NO_FORECAST_DEMAND,NO_FORECAST_DEMAND,NO_ACTION_REVIEW_DORMANT,REVIEW_DORMANT_STOCK
49,1120,221,0.0,0.0,0.0,0.0,NO_FORECAST_DEMAND,NO_FORECAST_DEMAND,NO_ACTION_REVIEW_DORMANT,REVIEW_DORMANT_STOCK
5,1027,221,0.0,0.0,0.0,0.0,NO_FORECAST_DEMAND,NO_FORECAST_DEMAND,NO_ACTION_REVIEW_DORMANT,REVIEW_DORMANT_STOCK
30,1014,221,0.0,0.0,0.0,0.0,NO_FORECAST_DEMAND,NO_FORECAST_DEMAND,NO_ACTION_REVIEW_DORMANT,REVIEW_DORMANT_STOCK
43,1002,220,0.0,0.0,0.0,0.0,NO_FORECAST_DEMAND,NO_FORECAST_DEMAND,NO_ACTION_REVIEW_DORMANT,REVIEW_DORMANT_STOCK
30,1188,220,0.0,0.0,0.0,0.0,NO_FORECAST_DEMAND,NO_FORECAST_DEMAND,NO_ACTION_REVIEW_DORMANT,REVIEW_DORMANT_STOCK
33,1102,220,0.0,0.0,0.0,0.0,NO_FORECAST_DEMAND,NO_FORECAST_DEMAND,NO_ACTION_REVIEW_DORMANT,REVIEW_DORMANT_STOCK
29,1083,220,0.0,0.0,0.0,0.0,NO_FORECAST_DEMAND,NO_FORECAST_DEMAND,NO_ACTION_REVIEW_DORMANT,REVIEW_DORMANT_STOCK
24,1128,219,0.0,0.0,0.0,0.0,NO_FORECAST_DEMAND,NO_FORECAST_DEMAND,NO_ACTION_REVIEW_DORMANT,REVIEW_DORMANT_STOCK
45,1113,219,0.0,0.0,0.0,0.0,NO_FORECAST_DEMAND,NO_FORECAST_DEMAND,NO_ACTION_REVIEW_DORMANT,REVIEW_DORMANT_STOCK
48,1081,219,0.0,0.0,0.0,0.0,NO_FORECAST_DEMAND,NO_FORECAST_DEMAND,NO_ACTION_REVIEW_DORMANT,REVIEW_DORMANT_STOCK
19,1117,218,0.0,0.0,0.0,0.0,NO_FORECAST_DEMAND,NO_FORECAST_DEMAND,NO_ACTION_REVIEW_DORMANT,REVIEW_DORMANT_STOCK
37,1044,218,0.0,0.0,0.0,0.0,NO_FORECAST_DEMAND,NO_FORECAST_DEMAND,NO_ACTION_REVIEW_DORMANT,REVIEW_DORMANT_STOCK
49,1116,217,0.0,0.0,0.0,0.0,NO_FORECAST_DEMAND,NO_FORECAST_DEMAND,NO_ACTION_REVIEW_DORMANT,REVIEW_DORMANT_STOCK
45,1182,217,0.0,0.0,0.0,0.0,NO_FORECAST_DEMAND,NO_FORECAST_DEMAND,NO_ACTION_REVIEW_DORMANT,REVIEW_DORMANT_STOCK
36,1179,217,0.0,0.0,0.0,0.0,NO_FORECAST_DEMAND,NO_FORECAST_DEMAND,NO_ACTION_REVIEW_DORMANT,REVIEW_DORMANT_STOCK
17,1007,216,0.0,0.0,0.0,0.0,NO_FORECAST_DEMAND,NO_FORECAST_DEMAND,NO_ACTION_REVIEW_DORMANT,REVIEW_DORMANT_STOCK
32,1023,215,0.0,0.0,0.0,0.0,NO_FORECAST_DEMAND,NO_FORECAST_DEMAND,NO_ACTION_REVIEW_DORMANT,REVIEW_DORMANT_STOCK
34,1125,215,0.0,0.0,0.0,0.0,NO_FORECAST_DEMAND,NO_FORECAST_DEMAND,NO_ACTION_REVIEW_DORMANT,REVIEW_DORMANT_STOCK
25,1178,215,0.0,0.0,0.0,0.0,NO_FORECAST_DEMAND,NO_FORECAST_DEMAND,NO_ACTION_REVIEW_DORMANT,REVIEW_DORMANT_STOCK
50,1163,212,0.0,0.0,0.0,0.0,NO_FORECAST_DEMAND,NO_FORECAST_DEMAND,NO_ACTION_REVIEW_DORMANT,REVIEW_DORMANT_STOCK
41,1003,212,0.0,0.0,0.0,0.0,NO_FORECAST_DEMAND,NO_FORECAST_DEMAND,NO_ACTION_REVIEW_DORMANT,REVIEW_DORMANT_STOCK
41,1052,211,0.0,0.0,0.0,0.0,NO_FORECAST_DEMAND,NO_FORECAST_DEMAND,NO_ACTION_REVIEW_DORMANT,REVIEW_DORMANT_STOCK
21,1012,210,0.0,0.0,0.0,0.0,NO_FORECAST_DEMAND,NO_FORECAST_DEMAND,NO_ACTION_REVIEW_DORMANT,REVIEW_DORMANT_STOCK
33,1060,210,0.0,0.0,0.0,0.0,NO_FORECAST_DEMAND,NO_FORECAST_DEMAND,NO_ACTION_REVIEW_DORMANT,REVIEW_DORMANT_STOCK
34,1115,208,0.0,0.0,0.0,0.0,NO_FORECAST_DEMAND,NO_FORECAST_DEMAND,NO_ACTION_REVIEW_DORMANT,REVIEW_DORMANT_STOCK
34,1174,207,0.0,0.0,0.0,0.0,NO_FORECAST_DEMAND,NO_FORECAST_DEMAND,NO_ACTION_REVIEW_DORMANT,REVIEW_DORMANT_STOCK
20,1029,207,0.0,0.0,0.0,0.0,NO_FORECAST_DEMAND,NO_FORECAST_DEMAND,NO_ACTION_REVIEW_DORMANT,REVIEW_DORMANT_STOCK
19,1141,206,0.0,0.0,0.0,0.0,NO_FORECAST_DEMAND,NO_FORECAST_DEMAND,NO_ACTION_REVIEW_DORMANT,REVIEW_DORMANT_STOCK
30,1155,206,0.0,0.0,0.0,0.0,NO_FORECAST_DEMAND,NO_FORECAST_DEMAND,NO_ACTION_REVIEW_DORMANT,REVIEW_DORMANT_STOCK
12,1177,205,0.0,0.0,0.0,0.0,NO_FORECAST_DEMAND,NO_FORECAST_DEMAND,NO_ACTION_REVIEW_DORMANT,REVIEW_DORMANT_STOCK
38,1136,205,0.0,0.0,0.0,0.0,NO_FORECAST_DEMAND,NO_FORECAST_DEMAND,NO_ACTION_REVIEW_DORMANT,REVIEW_DORMANT_STOCK
9,1009,205,0.0,0.0,0.0,0.0,NO_FORECAST_DEMAND,NO_FORECAST_DEMAND,NO_ACTION_REVIEW_DORMANT,REVIEW_DORMANT_STOCK
10,1099,205,0.0,0.0,0.0,0.0,NO_FORECAST_DEMAND,NO_FORECAST_DEMAND,NO_ACTION_REVIEW_DORMANT,REVIEW_DORMANT_STOCK
32,1002,203,0.0,0.0,0.0,0.0,NO_FORECAST_DEMAND,NO_FORECAST_DEMAND,NO_ACTION_REVIEW_DORMANT,REVIEW_DORMANT_STOCK
40,1006,202,0.0,0.0,0.0,0.0,NO_FORECAST_DEMAND,NO_FORECAST_DEMAND,NO_ACTION_REVIEW_DORMANT,REVIEW_DORMANT_STOCK
48,1011,202,0.0,0.0,0.0,0.0,NO_FORECAST_DEMAND,NO_FORECAST_DEMAND,NO_ACTION_REVIEW_DORMANT,REVIEW_DORMANT_STOCK
40,1120,202,0.0,0.0,0.0,0.0,NO_FORECAST_DEMAND,NO_FORECAST_DEMAND,NO_ACTION_REVIEW_DORMANT,REVIEW_DORMANT_STOCK
23,1016,202,0.0,0.0,0.0,0.0,NO_FORECAST_DEMAND,NO_FORECAST_DEMAND,NO_ACTION_REVIEW_DORMANT,REVIEW_DORMANT_STOCK
9,1182,201,0.0,0.0,0.0,0.0,NO_FORECAST_DEMAND,NO_FORECAST_DEMAND,NO_ACTION_REVIEW_DORMANT,REVIEW_DORMANT_STOCK
34,1130,200,0.0,0.0,0.0,0.0,NO_FORECAST_DEMAND,NO_FORECAST_DEMAND,NO_ACTION_REVIEW_DORMANT,REVIEW_DORMANT_STOCK
33,1062,200,0.0,0.0,0.0,0.0,NO_FORECAST_DEMAND,NO_FORECAST_DEMAND,NO_ACTION_REVIEW_DORMANT,REVIEW_DORMANT_STOCK
29,1081,200,0.0,0.0,0.0,0.0,NO_FORECAST_DEMAND,NO_FORECAST_DEMAND,NO_ACTION_REVIEW_DORMANT,REVIEW_DORMANT_STOCK
29,1028,200,0.0,0.0,0.0,0.0,NO_FORECAST_DEMAND,NO_FORECAST_DEMAND,NO_ACTION_REVIEW_DORMANT,REVIEW_DORMANT_STOCK
8,1158,199,0.0,0.0,0.0,0.0,NO_FORECAST_DEMAND,NO_FORECAST_DEMAND,NO_ACTION_REVIEW_DORMANT,REVIEW_DORMANT_STOCK
38,1108,199,0.0,0.0,0.0,0.0,NO_FORECAST_DEMAND,NO_FORECAST_DEMAND,NO_ACTION_REVIEW_DORMANT,REVIEW_DORMANT_STOCK
30,1079,199,0.0,0.0,0.0,0.0,NO_FORECAST_DEMAND,NO_FORECAST_DEMAND,NO_ACTION_REVIEW_DORMANT,REVIEW_DORMANT_STOCK
50,1028,199,0.0,0.0,0.0,0.0,NO_FORECAST_DEMAND,NO_FORECAST_DEMAND,NO_ACTION_REVIEW_DORMANT,REVIEW_DORMANT_STOCK
11,1045,198,0.0,0.0,0.0,0.0,NO_FORECAST_DEMAND,NO_FORECAST_DEMAND,NO_ACTION_REVIEW_DORMANT,REVIEW_DORMANT_STOCK
37,1125,197,0.0,0.0,0.0,0.0,NO_FORECAST_DEMAND,NO_FORECAST_DEMAND,NO_ACTION_REVIEW_DORMANT,REVIEW_DORMANT_STOCK
8,1048,197,0.0,0.0,0.0,0.0,NO_FORECAST_DEMAND,NO_FORECAST_DEMAND,NO_ACTION_REVIEW_DORMANT,REVIEW_DORMANT_STOCK
14,1076,197,0.0,0.0,0.0,0.0,NO_FORECAST_DEMAND,NO_FORECAST_DEMAND,NO_ACTION_REVIEW_DORMANT,REVIEW_DORMANT_STOCK
44,1004,197,0.0,0.0,0.0,0.0,NO_FORECAST_DEMAND,NO_FORECAST_DEMAND,NO_ACTION_REVIEW_DORMANT,REVIEW_DORMANT_STOCK
10,1001,196,0.0,0.0,0.0,0.0,NO_FORECAST_DEMAND,NO_FORECAST_DEMAND,NO_ACTION_REVIEW_DORMANT,REVIEW_DORMANT_STOCK
17,1143,196,0.0,0.0,0.0,0.0,NO_FORECAST_DEMAND,NO_FORECAST_DEMAND,NO_ACTION_REVIEW_DORMANT,REVIEW_DORMANT_STOCK
17,1103,196,0.0,0.0,0.0,0.0,NO_FORECAST_DEMAND,NO_FORECAST_DEMAND,NO_ACTION_REVIEW_DORMANT,REVIEW_DORMANT_STOCK
12,1063,196,0.0,0.0,0.0,0.0,NO_FORECAST_DEMAND,NO_FORECAST_DEMAND,NO_ACTION_REVIEW_DORMANT,REVIEW_DORMANT_STOCK
17,1043,196,0.0,0.0,0.0,0.0,NO_FORECAST_DEMAND,NO_FORECAST_DEMAND,NO_ACTION_REVIEW_DORMANT,REVIEW_DORMANT_STOCK
36,1038,196,0.0,0.0,0.0,0.0,NO_FORECAST_DEMAND,NO_FORECAST_DEMAND,NO_ACTION_REVIEW_DORMANT,REVIEW_DORMANT_STOCK
32,1031,194,0.0,0.0,0.0,0.0,NO_FORECAST_DEMAND,NO_FORECAST_DEMAND,NO_ACTION_REVIEW_DORMANT,REVIEW_DORMANT_STOCK
8,1002,194,0.0,0.0,0.0,0.0,NO_FORECAST_DEMAND,NO_FORECAST_DEMAND,NO_ACTION_REVIEW_DORMANT,REVIEW_DORMANT_STOCK
1,1079,193,0.0,0.0,0.0,0.0,NO_FORECAST_DEMAND,NO_FORECAST_DEMAND,NO_ACTION_REVIEW_DORMANT,REVIEW_DORMANT_STOCK
26,1139,193,0.0,0.0,0.0,0.0,NO_FORECAST_DEMAND,NO_FORECAST_DEMAND,NO_ACTION_REVIEW_DORMANT,REVIEW_DORMANT_STOCK
22,1027,192,0.0,0.0,0.0,0.0,NO_FORECAST_DEMAND,NO_FORECAST_DEMAND,NO_ACTION_REVIEW_DORMANT,REVIEW_DORMANT_STOCK
48,1182,191,0.0,0.0,0.0,0.0,NO_FORECAST_DEMAND,NO_FORECAST_DEMAND,NO_ACTION_REVIEW_DORMANT,REVIEW_DORMANT_STOCK
41,1161,191,0.0,0.0,0.0,0.0,NO_FORECAST_DEMAND,NO_FORECAST_DEMAND,NO_ACTION_REVIEW_DORMANT,REVIEW_DORMANT_STOCK
22,1098,190,0.0,0.0,0.0,0.0,NO_FORECAST_DEMAND,NO_FORECAST_DEMAND,NO_ACTION_REVIEW_DORMANT,REVIEW_DORMANT_STOCK
26,1120,190,0.0,0.0,0.0,0.0,NO_FORECAST_DEMAND,NO_FORECAST_DEMAND,NO_ACTION_REVIEW_DORMANT,REVIEW_DORMANT_STOCK
26,1112,190,0.0,0.0,0.0,0.0,NO_FORECAST_DEMAND,NO_FORECAST_DEMAND,NO_ACTION_REVIEW_DORMANT,REVIEW_DORMANT_STOCK
31,1020,189,0.0,0.0,0.0,0.0,NO_FORECAST_DEMAND,NO_FORECAST_DEMAND,NO_ACTION_REVIEW_DORMANT,REVIEW_DORMANT_STOCK
31,1042,188,0.0,0.0,0.0,0.0,NO_FORECAST_DEMAND,NO_FORECAST_DEMAND,NO_ACTION_REVIEW_DORMANT,REVIEW_DORMANT_STOCK
50,1162,187,0.0,0.0,0.0,0.0,NO_FORECAST_DEMAND,NO_FORECAST_DEMAND,NO_ACTION_REVIEW_DORMANT,REVIEW_DORMANT_STOCK
1,1193,187,0.0,0.0,0.0,0.0,NO_FORECAST_DEMAND,NO_FORECAST_DEMAND,NO_ACTION_REVIEW_DORMANT,REVIEW_DORMANT_STOCK
33,1115,187,0.0,0.0,0.0,0.0,NO_FORECAST_DEMAND,NO_FORECAST_DEMAND,NO_ACTION_REVIEW_DORMANT,REVIEW_DORMANT_STOCK
32,1020,186,0.0,0.0,0.0,0.0,NO_FORECAST_DEMAND,NO_FORECAST_DEMAND,NO_ACTION_REVIEW_DORMANT,REVIEW_DORMANT_STOCK
15,1167,185,0.0,0.0,0.0,0.0,NO_FORECAST_DEMAND,NO_FORECAST_DEMAND,NO_ACTION_REVIEW_DORMANT,REVIEW_DORMANT_STOCK
10,1176,184,0.0,0.0,0.0,0.0,NO_FORECAST_DEMAND,NO_FORECAST_DEMAND,NO_ACTION_REVIEW_DORMANT,REVIEW_DORMANT_STOCK
17,1070,184,0.0,0.0,0.0,0.0,NO_FORECAST_DEMAND,NO_FORECAST_DEMAND,NO_ACTION_REVIEW_DORMANT,REVIEW_DORMANT_STOCK
17,1026,184,0.0,0.0,0.0,0.0,NO_FORECAST_DEMAND,NO_FORECAST_DEMAND,NO_ACTION_REVIEW_DORMANT,REVIEW_DORMANT_STOCK
30,1117,184,0.0,0.0,0.0,0.0,NO_FORECAST_DEMAND,NO_FORECAST_DEMAND,NO_ACTION_REVIEW_DORMANT,REVIEW_DORMANT_STOCK
27,1167,184,0.0,0.0,0.0,0.0,NO_FORECAST_DEMAND,NO_FORECAST_DEMAND,NO_ACTION_REVIEW_DORMANT,REVIEW_DORMANT_STOCK
41,1145,184,0.0,0.0,0.0,0.0,NO_FORECAST_DEMAND,NO_FORECAST_DEMAND,NO_ACTION_REVIEW_DORMANT,REVIEW_DORMANT_STOCK
2,1171,182,0.0,0.0,0.0,0.0,NO_FORECAST_DEMAND,NO_FORECAST_DEMAND,NO_ACTION_REVIEW_DORMANT,REVIEW_DORMANT_STOCK
46,1067,181,0.0,0.0,0.0,0.0,NO_FORECAST_DEMAND,NO_FORECAST_DEMAND,NO_ACTION_REVIEW_DORMANT,REVIEW_DORMANT_STOCK
9,1107,180,0.0,0.0,0.0,0.0,NO_FORECAST_DEMAND,NO_FORECAST_DEMAND,NO_ACTION_REVIEW_DORMANT,REVIEW_DORMANT_STOCK
7,1197,180,0.0,0.0,0.0,0.0,NO_FORECAST_DEMAND,NO_FORECAST_DEMAND,NO_ACTION_REVIEW_DORMANT,REVIEW_DORMANT_STOCK
19,1036,179,0.0,0.0,0.0,0.0,NO_FORECAST_DEMAND,NO_FORECAST_DEMAND,NO_ACTION_REVIEW_DORMANT,REVIEW_DORMANT_STOCK
19,1098,179,0.0,0.0,0.0,0.0,NO_FORECAST_DEMAND,NO_FORECAST_DEMAND,NO_ACTION_REVIEW_DORMANT,REVIEW_DORMANT_STOCK
49,1006,179,0.0,0.0,0.0,0.0,NO_FORECAST_DEMAND,NO_FORECAST_DEMAND,NO_ACTION_REVIEW_DORMANT,REVIEW_DORMANT_STOCK
21,1154,179,0.0,0.0,0.0,0.0,NO_FORECAST_DEMAND,NO_FORECAST_DEMAND,NO_ACTION_REVIEW_DORMANT,REVIEW_DORMANT_STOCK
5,1011,178,0.0,0.0,0.0,0.0,NO_FORECAST_DEMAND,NO_FORECAST_DEMAND,NO_ACTION_REVIEW_DORMANT,REVIEW_DORMANT_STOCK
29,1002,177,0.0,0.0,0.0,0.0,NO_FORECAST_DEMAND,NO_FORECAST_DEMAND,NO_ACTION_REVIEW_DORMANT,REVIEW_DORMANT_STOCK
47,1104,177,0.0,0.0,0.0,0.0,NO_FORECAST_DEMAND,NO_FORECAST_DEMAND,NO_ACTION_REVIEW_DORMANT,REVIEW_DORMANT_STOCK
16,1039,177,0.0,0.0,0.0,0.0,NO_FORECAST_DEMAND,NO_FORECAST_DEMAND,NO_ACTION_REVIEW_DORMANT,REVIEW_DORMANT_STOCK
30,1091,176,0.0,0.0,0.0,0.0,NO_FORECAST_DEMAND,NO_FORECAST_DEMAND,NO_ACTION_REVIEW_DORMANT,REVIEW_DORMANT_STOCK
44,1077,176,0.0,0.0,0.0,0.0,NO_FORECAST_DEMAND,NO_FORECAST_DEMAND,NO_ACTION_REVIEW_DORMANT,REVIEW_DORMANT_STOCK
16,1193,176,0.0,0.0,0.0,0.0,NO_FORECAST_DEMAND,NO_FORECAST_DEMAND,NO_ACTION_REVIEW_DORMANT,REVIEW_DORMANT_STOCK
3,1094,176,0.0,0.0,0.0,0.0,NO_FORECAST_DEMAND,NO_FORECAST_DEMAND,NO_ACTION_REVIEW_DORMANT,REVIEW_DORMANT_STOCK
49,1145,175,0.0,0.0,0.0,0.0,NO_FORECAST_DEMAND,NO_FORECAST_DEMAND,NO_ACTION_REVIEW_DORMANT,REVIEW_DORMANT_STOCK
29,1094,175,0.0,0.0,0.0,0.0,NO_FORECAST_DEMAND,NO_FORECAST_DEMAND,NO_ACTION_REVIEW_DORMANT,REVIEW_DORMANT_STOCK
38,1087,175,0.0,0.0,0.0,0.0,NO_FORECAST_DEMAND,NO_FORECAST_DEMAND,NO_ACTION_REVIEW_DORMANT,REVIEW_DORMANT_STOCK
37,1067,175,0.0,0.0,0.0,0.0,NO_FORECAST_DEMAND,NO_FORECAST_DEMAND,NO_ACTION_REVIEW_DORMANT,REVIEW_DORMANT_STOCK
50,1052,174,0.0,0.0,0.0,0.0,NO_FORECAST_DEMAND,NO_FORECAST_DEMAND,NO_ACTION_REVIEW_DORMANT,REVIEW_DORMANT_STOCK
43,1034,174,0.0,0.0,0.0,0.0,NO_FORECAST_DEMAND,NO_FORECAST_DEMAND,NO_ACTION_REVIEW_DORMANT,REVIEW_DORMANT_STOCK
48,1031,174,0.0,0.0,0.0,0.0,NO_FORECAST_DEMAND,NO_FORECAST_DEMAND,NO_ACTION_REVIEW_DORMANT,REVIEW_DORMANT_STOCK
3,1095,174,0.0,0.0,0.0,0.0,NO_FORECAST_DEMAND,NO_FORECAST_DEMAND,NO_ACTION_REVIEW_DORMANT,REVIEW_DORMANT_STOCK
4,1069,174,0.0,0.0,0.0,0.0,NO_FORECAST_DEMAND,NO_FORECAST_DEMAND,NO_ACTION_REVIEW_DORMANT,REVIEW_DORMANT_STOCK
34,1105,173,0.0,0.0,0.0,0.0,NO_FORECAST_DEMAND,NO_FORECAST_DEMAND,NO_ACTION_REVIEW_DORMANT,REVIEW_DORMANT_STOCK
38,1056,173,0.0,0.0,0.0,0.0,NO_FORECAST_DEMAND,NO_FORECAST_DEMAND,NO_ACTION_REVIEW_DORMANT,REVIEW_DORMANT_STOCK
29,1183,173,0.0,0.0,0.0,0.0,NO_FORECAST_DEMAND,NO_FORECAST_DEMAND,NO_ACTION_REVIEW_DORMANT,REVIEW_DORMANT_STOCK
39,1180,173,0.0,0.0,0.0,0.0,NO_FORECAST_DEMAND,NO_FORECAST_DEMAND,NO_ACTION_REVIEW_DORMANT,REVIEW_DORMANT_STOCK
23,1070,172,0.0,0.0,0.0,0.0,NO_FORECAST_DEMAND,NO_FORECAST_DEMAND,NO_ACTION_REVIEW_DORMANT,REVIEW_DORMANT_STOCK
32,1179,171,0.0,0.0,0.0,0.0,NO_FORECAST_DEMAND,NO_FORECAST_DEMAND,NO_ACTION_REVIEW_DORMANT,REVIEW_DORMANT_STOCK
44,1139,171,0.0,0.0,0.0,0.0,NO_FORECAST_DEMAND,NO_FORECAST_DEMAND,NO_ACTION_REVIEW_DORMANT,REVIEW_DORMANT_STOCK
3,1097,170,0.0,0.0,0.0,0.0,NO_FORECAST_DEMAND,NO_FORECAST_DEMAND,NO_ACTION_REVIEW_DORMANT,REVIEW_DORMANT_STOCK
25,1050,170,0.0,0.0,0.0,0.0,NO_FORECAST_DEMAND,NO_FORECAST_DEMAND,NO_ACTION_REVIEW_DORMANT,REVIEW_DORMANT_STOCK
47,1163,170,0.0,0.0,0.0,0.0,NO_FORECAST_DEMAND,NO_FORECAST_DEMAND,NO_ACTION_REVIEW_DORMANT,REVIEW_DORMANT_STOCK
11,1028,170,0.0,0.0,0.0,0.0,NO_FORECAST_DEMAND,NO_FORECAST_DEMAND,NO_ACTION_REVIEW_DORMANT,REVIEW_DORMANT_STOCK
3,1141,169,0.0,0.0,0.0,0.0,NO_FORECAST_DEMAND,NO_FORECAST_DEMAND,NO_ACTION_REVIEW_DORMANT,REVIEW_DORMANT_STOCK
17,1117,169,0.0,0.0,0.0,0.0,NO_FORECAST_DEMAND,NO_FORECAST_DEMAND,NO_ACTION_REVIEW_DORMANT,REVIEW_DORMANT_STOCK
32,1146,169,0.0,0.0,0.0,0.0,NO_FORECAST_DEMAND,NO_FORECAST_DEMAND,NO_ACTION_REVIEW_DORMANT,REVIEW_DORMANT_STOCK
43,1032,169,0.0,0.0,0.0,0.0,NO_FORECAST_DEMAND,NO_FORECAST_DEMAND,NO_ACTION_REVIEW_DORMANT,REVIEW_DORMANT_STOCK
7,1198,168,0.0,0.0,0.0,0.0,NO_FORECAST_DEMAND,NO_FORECAST_DEMAND,NO_ACTION_REVIEW_DORMANT,REVIEW_DORMANT_STOCK
8,1122,168,0.0,0.0,0.0,0.0,NO_FORECAST_DEMAND,NO_FORECAST_DEMAND,NO_ACTION_REVIEW_DORMANT,REVIEW_DORMANT_STOCK
49,1086,167,0.0,0.0,0.0,0.0,NO_FORECAST_DEMAND,NO_FORECAST_DEMAND,NO_ACTION_REVIEW_DORMANT,REVIEW_DORMANT_STOCK
32,1006,167,0.0,0.0,0.0,0.0,NO_FORECAST_DEMAND,NO_FORECAST_DEMAND,NO_ACTION_REVIEW_DORMANT,REVIEW_DORMANT_STOCK
13,1160,167,0.0,0.0,0.0,0.0,NO_FORECAST_DEMAND,NO_FORECAST_DEMAND,NO_ACTION_REVIEW_DORMANT,REVIEW_DORMANT_STOCK
34,1167,166,0.0,0.0,0.0,0.0,NO_FORECAST_DEMAND,NO_FORECAST_DEMAND,NO_ACTION_REVIEW_DORMANT,REVIEW_DORMANT_STOCK
4,1071,166,0.0,0.0,0.0,0.0,NO_FORECAST_DEMAND,NO_FORECAST_DEMAND,NO_ACTION_REVIEW_DORMANT,REVIEW_DORMANT_STOCK
50,1179,166,0.0,0.0,0.0,0.0,NO_FORECAST_DEMAND,NO_FORECAST_DEMAND,NO_ACTION_REVIEW_DORMANT,REVIEW_DORMANT_STOCK
16,1137,166,0.0,0.0,0.0,0.0,NO_FORECAST_DEMAND,NO_FORECAST_DEMAND,NO_ACTION_REVIEW_DORMANT,REVIEW_DORMANT_STOCK
47,1097,166,0.0,0.0,0.0,0.0,NO_FORECAST_DEMAND,NO_FORECAST_DEMAND,NO_ACTION_REVIEW_DORMANT,REVIEW_DORMANT_STOCK
35,1166,165,0.0,0.0,0.0,0.0,NO_FORECAST_DEMAND,NO_FORECAST_DEMAND,NO_ACTION_REVIEW_DORMANT,REVIEW_DORMANT_STOCK
11,1170,164,0.0,0.0,0.0,0.0,NO_FORECAST_DEMAND,NO_FORECAST_DEMAND,NO_ACTION_REVIEW_DORMANT,REVIEW_DORMANT_STOCK
1,1200,164,0.0,0.0,0.0,0.0,NO_FORECAST_DEMAND,NO_FORECAST_DEMAND,NO_ACTION_REVIEW_DORMANT,REVIEW_DORMANT_STOCK
4,1002,164,0.0,0.0,0.0,0.0,NO_FORECAST_DEMAND,NO_FORECAST_DEMAND,NO_ACTION_REVIEW_DORMANT,REVIEW_DORMANT_STOCK
4,1052,163,0.0,0.0,0.0,0.0,NO_FORECAST_DEMAND,NO_FORECAST_DEMAND,NO_ACTION_REVIEW_DORMANT,REVIEW_DORMANT_STOCK
28,1016,163,0.0,0.0,0.0,0.0,NO_FORECAST_DEMAND,NO_FORECAST_DEMAND,NO_ACTION_REVIEW_DORMANT,REVIEW_DORMANT_STOCK
22,1051,163,0.0,0.0,0.0,0.0,NO_FORECAST_DEMAND,NO_FORECAST_DEMAND,NO_ACTION_REVIEW_DORMANT,REVIEW_DORMANT_STOCK
37,1196,163,0.0,0.0,0.0,0.0,NO_FORECAST_DEMAND,NO_FORECAST_DEMAND,NO_ACTION_REVIEW_DORMANT,REVIEW_DORMANT_STOCK
5,1012,162,0.0,0.0,0.0,0.0,NO_FORECAST_DEMAND,NO_FORECAST_DEMAND,NO_ACTION_REVIEW_DORMANT,REVIEW_DORMANT_STOCK
14,1192,162,0.0,0.0,0.0,0.0,NO_FORECAST_DEMAND,NO_FORECAST_DEMAND,NO_ACTION_REVIEW_DORMANT,REVIEW_DORMANT_STOCK
39,1042,162,0.0,0.0,0.0,0.0,NO_FORECAST_DEMAND,NO_FORECAST_DEMAND,NO_ACTION_REVIEW_DORMANT,REVIEW_DORMANT_STOCK
2,1165,162,0.0,0.0,0.0,0.0,NO_FORECAST_DEMAND,NO_FORECAST_DEMAND,NO_ACTION_REVIEW_DORMANT,REVIEW_DORMANT_STOCK
10,1077,162,0.0,0.0,0.0,0.0,NO_FORECAST_DEMAND,NO_FORECAST_DEMAND,NO_ACTION_REVIEW_DORMANT,REVIEW_DORMANT_STOCK
25,1116,161,0.0,0.0,0.0,0.0,NO_FORECAST_DEMAND,NO_FORECAST_DEMAND,NO_ACTION_REVIEW_DORMANT,REVIEW_DORMANT_STOCK
11,1082,161,0.0,0.0,0.0,0.0,NO_FORECAST_DEMAND,NO_FORECAST_DEMAND,NO_ACTION_REVIEW_DORMANT,REVIEW_DORMANT_STOCK
38,1156,161,0.0,0.0,0.0,0.0,NO_FORECAST_DEMAND,NO_FORECAST_DEMAND,NO_ACTION_REVIEW_DORMANT,REVIEW_DORMANT_STOCK
37,1046,161,0.0,0.0,0.0,0.0,NO_FORECAST_DEMAND,NO_FORECAST_DEMAND,NO_ACTION_REVIEW_DORMANT,REVIEW_DORMANT_STOCK
14,1080,161,0.0,0.0,0.0,0.0,NO_FORECAST_DEMAND,NO_FORECAST_DEMAND,NO_ACTION_REVIEW_DORMANT,REVIEW_DORMANT_STOCK
37,1011,160,0.0,0.0,0.0,0.0,NO_FORECAST_DEMAND,NO_FORECAST_DEMAND,NO_ACTION_REVIEW_DORMANT,REVIEW_DORMANT_STOCK
6,1095,160,0.0,0.0,0.0,0.0,NO_FORECAST_DEMAND,NO_FORECAST_DEMAND,NO_ACTION_REVIEW_DORMANT,REVIEW_DORMANT_STOCK
26,1130,158,0.0,0.0,0.0,0.0,NO_FORECAST_DEMAND,NO_FORECAST_DEMAND,NO_ACTION_REVIEW_DORMANT,REVIEW_DORMANT_STOCK
19,1025,157,0.0,0.0,0.0,0.0,NO_FORECAST_DEMAND,NO_FORECAST_DEMAND,NO_ACTION_REVIEW_DORMANT,REVIEW_DORMANT_STOCK
13,1200,157,0.0,0.0,0.0,0.0,NO_FORECAST_DEMAND,NO_FORECAST_DEMAND,NO_ACTION_REVIEW_DORMANT,REVIEW_DORMANT_STOCK
10,1043,156,0.0,0.0,0.0,0.0,NO_FORECAST_DEMAND,NO_FORECAST_DEMAND,NO_ACTION_REVIEW_DORMANT,REVIEW_DORMANT_STOCK
2,1162,156,0.0,0.0,0.0,0.0,NO_FORECAST_DEMAND,NO_FORECAST_DEMAND,NO_ACTION_REVIEW_DORMANT,REVIEW_DORMANT_STOCK
1,1081,156,0.0,0.0,0.0,0.0,NO_FORECAST_DEMAND,NO_FORECAST_DEMAND,NO_ACTION_REVIEW_DORMANT,REVIEW_DORMANT_STOCK
29,1141,156,0.0,0.0,0.0,0.0,NO_FORECAST_DEMAND,NO_FORECAST_DEMAND,NO_ACTION_REVIEW_DORMANT,REVIEW_DORMANT_STOCK
31,1192,156,0.0,0.0,0.0,0.0,NO_FORECAST_DEMAND,NO_FORECAST_DEMAND,NO_ACTION_REVIEW_DORMANT,REVIEW_DORMANT_STOCK
35,1139,155,0.0,0.0,0.0,0.0,NO_FORECAST_DEMAND,NO_FORECAST_DEMAND,NO_ACTION_REVIEW_DORMANT,REVIEW_DORMANT_STOCK
11,1054,155,0.0,0.0,0.0,0.0,NO_FORECAST_DEMAND,NO_FORECAST_DEMAND,NO_ACTION_REVIEW_DORMANT,REVIEW_DORMANT_STOCK
36,1065,155,0.0,0.0,0.0,0.0,NO_FORECAST_DEMAND,NO_FORECAST_DEMAND,NO_ACTION_REVIEW_DORMANT,REVIEW_DORMANT_STOCK
7,1050,155,0.0,0.0,0.0,0.0,NO_FORECAST_DEMAND,NO_FORECAST_DEMAND,NO_ACTION_REVIEW_DORMANT,REVIEW_DORMANT_STOCK
7,1090,155,0.0,0.0,0.0,0.0,NO_FORECAST_DEMAND,NO_FORECAST_DEMAND,NO_ACTION_REVIEW_DORMANT,REVIEW_DORMANT_STOCK
26,1025,155,0.0,0.0,0.0,0.0,NO_FORECAST_DEMAND,NO_FORECAST_DEMAND,NO_ACTION_REVIEW_DORMANT,REVIEW_DORMANT_STOCK
44,1040,155,0.0,0.0,0.0,0.0,NO_FORECAST_DEMAND,NO_FORECAST_DEMAND,NO_ACTION_REVIEW_DORMANT,REVIEW_DORMANT_STOCK
9,1032,154,0.0,0.0,0.0,0.0,NO_FORECAST_DEMAND,NO_FORECAST_DEMAND,NO_ACTION_REVIEW_DORMANT,REVIEW_DORMANT_STOCK
3,1063,154,0.0,0.0,0.0,0.0,NO_FORECAST_DEMAND,NO_FORECAST_DEMAND,NO_ACTION_REVIEW_DORMANT,REVIEW_DORMANT_STOCK
5,1156,154,0.0,0.0,0.0,0.0,NO_FORECAST_DEMAND,NO_FORECAST_DEMAND,NO_ACTION_REVIEW_DORMANT,REVIEW_DORMANT_STOCK
16,1076,152,0.0,0.0,0.0,0.0,NO_FORECAST_DEMAND,NO_FORECAST_DEMAND,NO_ACTION_REVIEW_DORMANT,REVIEW_DORMANT_STOCK
28,1131,151,0.0,0.0,0.0,0.0,NO_FORECAST_DEMAND,NO_FORECAST_DEMAND,NO_ACTION_REVIEW_DORMANT,REVIEW_DORMANT_STOCK
25,1196,151,0.0,0.0,0.0,0.0,NO_FORECAST_DEMAND,NO_FORECAST_DEMAND,NO_ACTION_REVIEW_DORMANT,REVIEW_DORMANT_STOCK
2,1028,151,0.0,0.0,0.0,0.0,NO_FORECAST_DEMAND,NO_FORECAST_DEMAND,NO_ACTION_REVIEW_DORMANT,REVIEW_DORMANT_STOCK
18,1178,151,0.0,0.0,0.0,0.0,NO_FORECAST_DEMAND,NO_FORECAST_DEMAND,NO_ACTION_REVIEW_DORMANT,REVIEW_DORMANT_STOCK
23,1079,150,0.0,0.0,0.0,0.0,NO_FORECAST_DEMAND,NO_FORECAST_DEMAND,NO_ACTION_REVIEW_DORMANT,REVIEW_DORMANT_STOCK
17,1072,150,0.0,0.0,0.0,0.0,NO_FORECAST_DEMAND,NO_FORECAST_DEMAND,NO_ACTION_REVIEW_DORMANT,REVIEW_DORMANT_STOCK
29,1058,150,0.0,0.0,0.0,0.0,NO_FORECAST_DEMAND,NO_FORECAST_DEMAND,NO_ACTION_REVIEW_DORMANT,REVIEW_DORMANT_STOCK
40,1009,149,0.0,0.0,0.0,0.0,NO_FORECAST_DEMAND,NO_FORECAST_DEMAND,NO_ACTION_REVIEW_DORMANT,REVIEW_DORMANT_STOCK
32,1106,148,0.0,0.0,0.0,0.0,NO_FORECAST_DEMAND,NO_FORECAST_DEMAND,NO_ACTION_REVIEW_DORMANT,REVIEW_DORMANT_STOCK
33,1130,148,0.0,0.0,0.0,0.0,NO_FORECAST_DEMAND,NO_FORECAST_DEMAND,NO_ACTION_REVIEW_DORMANT,REVIEW_DORMANT_STOCK
14,1088,148,0.0,0.0,0.0,0.0,NO_FORECAST_DEMAND,NO_FORECAST_DEMAND,NO_ACTION_REVIEW_DORMANT,REVIEW_DORMANT_STOCK
14,1007,147,0.0,0.0,0.0,0.0,NO_FORECAST_DEMAND,NO_FORECAST_DEMAND,NO_ACTION_REVIEW_DORMANT,REVIEW_DORMANT_STOCK
26,1103,147,0.0,0.0,0.0,0.0,NO_FORECAST_DEMAND,NO_FORECAST_DEMAND,NO_ACTION_REVIEW_DORMANT,REVIEW_DORMANT_STOCK
45,1144,147,0.0,0.0,0.0,0.0,NO_FORECAST_DEMAND,NO_FORECAST_DEMAND,NO_ACTION_REVIEW_DORMANT,REVIEW_DORMANT_STOCK
31,1024,146,0.0,0.0,0.0,0.0,NO_FORECAST_DEMAND,NO_FORECAST_DEMAND,NO_ACTION_REVIEW_DORMANT,REVIEW_DORMANT_STOCK
27,1130,146,0.0,0.0,0.0,0.0,NO_FORECAST_DEMAND,NO_FORECAST_DEMAND,NO_ACTION_REVIEW_DORMANT,REVIEW_DORMANT_STOCK
45,1089,146,0.0,0.0,0.0,0.0,NO_FORECAST_DEMAND,NO_FORECAST_DEMAND,NO_ACTION_REVIEW_DORMANT,REVIEW_DORMANT_STOCK
23,1028,146,0.0,0.0,0.0,0.0,NO_FORECAST_DEMAND,NO_FORECAST_DEMAND,NO_ACTION_REVIEW_DORMANT,REVIEW_DORMANT_STOCK
48,1047,146,0.0,0.0,0.0,0.0,NO_FORECAST_DEMAND,NO_FORECAST_DEMAND,NO_ACTION_REVIEW_DORMANT,REVIEW_DORMANT_STOCK
37,1153,145,0.0,0.0,0.0,0.0,NO_FORECAST_DEMAND,NO_FORECAST_DEMAND,NO_ACTION_REVIEW_DORMANT,REVIEW_DORMANT_STOCK
3,1186,145,0.0,0.0,0.0,0.0,NO_FORECAST_DEMAND,NO_FORECAST_DEMAND,NO_ACTION_REVIEW_DORMANT,REVIEW_DORMANT_STOCK
39,1023,145,0.0,0.0,0.0,0.0,NO_FORECAST_DEMAND,NO_FORECAST_DEMAND,NO_ACTION_REVIEW_DORMANT,REVIEW_DORMANT_STOCK
43,1042,144,0.0,0.0,0.0,0.0,NO_FORECAST_DEMAND,NO_FORECAST_DEMAND,NO_ACTION_REVIEW_DORMANT,REVIEW_DORMANT_STOCK
1,1196,144,0.0,0.0,0.0,0.0,NO_FORECAST_DEMAND,NO_FORECAST_DEMAND,NO_ACTION_REVIEW_DORMANT,REVIEW_DORMANT_STOCK
29,1001,144,0.0,0.0,0.0,0.0,NO_FORECAST_DEMAND,NO_FORECAST_DEMAND,NO_ACTION_REVIEW_DORMANT,REVIEW_DORMANT_STOCK
32,1084,144,0.0,0.0,0.0,0.0,NO_FORECAST_DEMAND,NO_FORECAST_DEMAND,NO_ACTION_REVIEW_DORMANT,REVIEW_DORMANT_STOCK
38,1080,143,0.0,0.0,0.0,0.0,NO_FORECAST_DEMAND,NO_FORECAST_DEMAND,NO_ACTION_REVIEW_DORMANT,REVIEW_DORMANT_STOCK
8,1037,143,0.0,0.0,0.0,0.0,NO_FORECAST_DEMAND,NO_FORECAST_DEMAND,NO_ACTION_REVIEW_DORMANT,REVIEW_DORMANT_STOCK
22,1160,143,0.0,0.0,0.0,0.0,NO_FORECAST_DEMAND,NO_FORECAST_DEMAND,NO_ACTION_REVIEW_DORMANT,REVIEW_DORMANT_STOCK
32,1107,142,0.0,0.0,0.0,0.0,NO_FORECAST_DEMAND,NO_FORECAST_DEMAND,NO_ACTION_REVIEW_DORMANT,REVIEW_DORMANT_STOCK
32,1175,142,0.0,0.0,0.0,0.0,NO_FORECAST_DEMAND,NO_FORECAST_DEMAND,NO_ACTION_REVIEW_DORMANT,REVIEW_DORMANT_STOCK
20,1042,142,0.0,0.0,0.0,0.0,NO_FORECAST_DEMAND,NO_FORECAST_DEMAND,NO_ACTION_REVIEW_DORMANT,REVIEW_DORMANT_STOCK
7,1149,142,0.0,0.0,0.0,0.0,NO_FORECAST_DEMAND,NO_FORECAST_DEMAND,NO_ACTION_REVIEW_DORMANT,REVIEW_DORMANT_STOCK
22,1090,142,0.0,0.0,0.0,0.0,NO_FORECAST_DEMAND,NO_FORECAST_DEMAND,NO_ACTION_REVIEW_DORMANT,REVIEW_DORMANT_STOCK
20,1177,142,0.0,0.0,0.0,0.0,NO_FORECAST_DEMAND,NO_FORECAST_DEMAND,NO_ACTION_REVIEW_DORMANT,REVIEW_DORMANT_STOCK
14,1138,142,0.0,0.0,0.0,0.0,NO_FORECAST_DEMAND,NO_FORECAST_DEMAND,NO_ACTION_REVIEW_DORMANT,REVIEW_DORMANT_STOCK
50,1100,141,0.0,0.0,0.0,0.0,NO_FORECAST_DEMAND,NO_FORECAST_DEMAND,NO_ACTION_REVIEW_DORMANT,REVIEW_DORMANT_STOCK
22,1002,141,0.0,0.0,0.0,0.0,NO_FORECAST_DEMAND,NO_FORECAST_DEMAND,NO_ACTION_REVIEW_DORMANT,REVIEW_DORMANT_STOCK
2,1041,141,0.0,0.0,0.0,0.0,NO_FORECAST_DEMAND,NO_FORECAST_DEMAND,NO_ACTION_REVIEW_DORMANT,REVIEW_DORMANT_STOCK
13,1198,141,0.0,0.0,0.0,0.0,NO_FORECAST_DEMAND,NO_FORECAST_DEMAND,NO_ACTION_REVIEW_DORMANT,REVIEW_DORMANT_STOCK
48,1128,140,0.0,0.0,0.0,0.0,NO_FORECAST_DEMAND,NO_FORECAST_DEMAND,NO_ACTION_REVIEW_DORMANT,REVIEW_DORMANT_STOCK
16,1091,140,0.0,0.0,0.0,0.0,NO_FORECAST_DEMAND,NO_FORECAST_DEMAND,NO_ACTION_REVIEW_DORMANT,REVIEW_DORMANT_STOCK
27,1071,140,0.0,0.0,0.0,0.0,NO_FORECAST_DEMAND,NO_FORECAST_DEMAND,NO_ACTION_REVIEW_DORMANT,REVIEW_DORMANT_STOCK
26,1038,140,0.0,0.0,0.0,0.0,NO_FORECAST_DEMAND,NO_FORECAST_DEMAND,NO_ACTION_REVIEW_DORMANT,REVIEW_DORMANT_STOCK
47,1140,140,0.0,0.0,0.0,0.0,NO_FORECAST_DEMAND,NO_FORECAST_DEMAND,NO_ACTION_REVIEW_DORMANT,REVIEW_DORMANT_STOCK
9,1097,139,0.0,0.0,0.0,0.0,NO_FORECAST_DEMAND,NO_FORECAST_DEMAND,NO_ACTION_REVIEW_DORMANT,REVIEW_DORMANT_STOCK
46,1051,139,0.0,0.0,0.0,0.0,NO_FORECAST_DEMAND,NO_FORECAST_DEMAND,NO_ACTION_REVIEW_DORMANT,REVIEW_DORMANT_STOCK
47,1127,138,0.0,0.0,0.0,0.0,NO_FORECAST_DEMAND,NO_FORECAST_DEMAND,NO_ACTION_REVIEW_DORMANT,REVIEW_DORMANT_STOCK
50,1046,138,0.0,0.0,0.0,0.0,NO_FORECAST_DEMAND,NO_FORECAST_DEMAND,NO_ACTION_REVIEW_DORMANT,REVIEW_DORMANT_STOCK
35,1074,138,0.0,0.0,0.0,0.0,NO_FORECAST_DEMAND,NO_FORECAST_DEMAND,NO_ACTION_REVIEW_DORMANT,REVIEW_DORMANT_STOCK
42,1017,138,0.0,0.0,0.0,0.0,NO_FORECAST_DEMAND,NO_FORECAST_DEMAND,NO_ACTION_REVIEW_DORMANT,REVIEW_DORMANT_STOCK
28,1107,137,0.0,0.0,0.0,0.0,NO_FORECAST_DEMAND,NO_FORECAST_DEMAND,NO_ACTION_REVIEW_DORMANT,REVIEW_DORMANT_STOCK
4,1105,137,0.0,0.0,0.0,0.0,NO_FORECAST_DEMAND,NO_FORECAST_DEMAND,NO_ACTION_REVIEW_DORMANT,REVIEW_DORMANT_STOCK
21,1058,136,0.0,0.0,0.0,0.0,NO_FORECAST_DEMAND,NO_FORECAST_DEMAND,NO_ACTION_REVIEW_DORMANT,REVIEW_DORMANT_STOCK
8,1060,136,0.0,0.0,0.0,0.0,NO_FORECAST_DEMAND,NO_FORECAST_DEMAND,NO_ACTION_REVIEW_DORMANT,REVIEW_DORMANT_STOCK
25,1094,136,0.0,0.0,0.0,0.0,NO_FORECAST_DEMAND,NO_FORECAST_DEMAND,NO_ACTION_REVIEW_DORMANT,REVIEW_DORMANT_STOCK
5,1034,136,0.0,0.0,0.0,0.0,NO_FORECAST_DEMAND,NO_FORECAST_DEMAND,NO_ACTION_REVIEW_DORMANT,REVIEW_DORMANT_STOCK
3,1061,136,0.0,0.0,0.0,0.0,NO_FORECAST_DEMAND,NO_FORECAST_DEMAND,NO_ACTION_REVIEW_DORMANT,REVIEW_DORMANT_STOCK
45,1025,135,0.0,0.0,0.0,0.0,NO_FORECAST_DEMAND,NO_FORECAST_DEMAND,NO_ACTION_REVIEW_DORMANT,REVIEW_DORMANT_STOCK
25,1145,135,0.0,0.0,0.0,0.0,NO_FORECAST_DEMAND,NO_FORECAST_DEMAND,NO_ACTION_REVIEW_DORMANT,REVIEW_DORMANT_STOCK
34,1186,135,0.0,0.0,0.0,0.0,NO_FORECAST_DEMAND,NO_FORECAST_DEMAND,NO_ACTION_REVIEW_DORMANT,REVIEW_DORMANT_STOCK
23,1154,134,0.0,0.0,0.0,0.0,NO_FORECAST_DEMAND,NO_FORECAST_DEMAND,NO_ACTION_REVIEW_DORMANT,REVIEW_DORMANT_STOCK
4,1160,134,0.0,0.0,0.0,0.0,NO_FORECAST_DEMAND,NO_FORECAST_DEMAND,NO_ACTION_REVIEW_DORMANT,REVIEW_DORMANT_STOCK
44,1131,134,0.0,0.0,0.0,0.0,NO_FORECAST_DEMAND,NO_FORECAST_DEMAND,NO_ACTION_REVIEW_DORMANT,REVIEW_DORMANT_STOCK
47,1155,134,0.0,0.0,0.0,0.0,NO_FORECAST_DEMAND,NO_FORECAST_DEMAND,NO_ACTION_REVIEW_DORMANT,REVIEW_DORMANT_STOCK
29,1037,134,0.0,0.0,0.0,0.0,NO_FORECAST_DEMAND,NO_FORECAST_DEMAND,NO_ACTION_REVIEW_DORMANT,REVIEW_DORMANT_STOCK
44,1189,133,0.0,0.0,0.0,0.0,NO_FORECAST_DEMAND,NO_FORECAST_DEMAND,NO_ACTION_REVIEW_DORMANT,REVIEW_DORMANT_STOCK
6,1047,133,0.0,0.0,0.0,0.0,NO_FORECAST_DEMAND,NO_FORECAST_DEMAND,NO_ACTION_REVIEW_DORMANT,REVIEW_DORMANT_STOCK
31,1140,133,0.0,0.0,0.0,0.0,NO_FORECAST_DEMAND,NO_FORECAST_DEMAND,NO_ACTION_REVIEW_DORMANT,REVIEW_DORMANT_STOCK
17,1115,133,0.0,0.0,0.0,0.0,NO_FORECAST_DEMAND,NO_FORECAST_DEMAND,NO_ACTION_REVIEW_DORMANT,REVIEW_DORMANT_STOCK
33,1093,132,0.0,0.0,0.0,0.0,NO_FORECAST_DEMAND,NO_FORECAST_DEMAND,NO_ACTION_REVIEW_DORMANT,REVIEW_DORMANT_STOCK
25,1146,131,0.0,0.0,0.0,0.0,NO_FORECAST_DEMAND,NO_FORECAST_DEMAND,NO_ACTION_REVIEW_DORMANT,REVIEW_DORMANT_STOCK
45,1009,131,0.0,0.0,0.0,0.0,NO_FORECAST_DEMAND,NO_FORECAST_DEMAND,NO_ACTION_REVIEW_DORMANT,REVIEW_DORMANT_STOCK
29,1047,131,0.0,0.0,0.0,0.0,NO_FORECAST_DEMAND,NO_FORECAST_DEMAND,NO_ACTION_REVIEW_DORMANT,REVIEW_DORMANT_STOCK
44,1098,130,0.0,0.0,0.0,0.0,NO_FORECAST_DEMAND,NO_FORECAST_DEMAND,NO_ACTION_REVIEW_DORMANT,REVIEW_DORMANT_STOCK
5,1089,130,0.0,0.0,0.0,0.0,NO_FORECAST_DEMAND,NO_FORECAST_DEMAND,NO_ACTION_REVIEW_DORMANT,REVIEW_DORMANT_STOCK
8,1134,130,0.0,0.0,0.0,0.0,NO_FORECAST_DEMAND,NO_FORECAST_DEMAND,NO_ACTION_REVIEW_DORMANT,REVIEW_DORMANT_STOCK
3,1050,130,0.0,0.0,0.0,0.0,NO_FORECAST_DEMAND,NO_FORECAST_DEMAND,NO_ACTION_REVIEW_DORMANT,REVIEW_DORMANT_STOCK
46,1199,129,0.0,0.0,0.0,0.0,NO_FORECAST_DEMAND,NO_FORECAST_DEMAND,NO_ACTION_REVIEW_DORMANT,REVIEW_DORMANT_STOCK
20,1180,129,0.0,0.0,0.0,0.0,NO_FORECAST_DEMAND,NO_FORECAST_DEMAND,NO_ACTION_REVIEW_DORMANT,REVIEW_DORMANT_STOCK
32,1098,128,0.0,0.0,0.0,0.0,NO_FORECAST_DEMAND,NO_FORECAST_DEMAND,NO_ACTION_REVIEW_DORMANT,REVIEW_DORMANT_STOCK
47,1051,128,0.0,0.0,0.0,0.0,NO_FORECAST_DEMAND,NO_FORECAST_DEMAND,NO_ACTION_REVIEW_DORMANT,REVIEW_DORMANT_STOCK
37,1019,128,0.0,0.0,0.0,0.0,NO_FORECAST_DEMAND,NO_FORECAST_DEMAND,NO_ACTION_REVIEW_DORMANT,REVIEW_DORMANT_STOCK
38,1153,128,0.0,0.0,0.0,0.0,NO_FORECAST_DEMAND,NO_FORECAST_DEMAND,NO_ACTION_REVIEW_DORMANT,REVIEW_DORMANT_STOCK
46,1100,128,0.0,0.0,0.0,0.0,NO_FORECAST_DEMAND,NO_FORECAST_DEMAND,NO_ACTION_REVIEW_DORMANT,REVIEW_DORMANT_STOCK
21,1114,127,0.0,0.0,0.0,0.0,NO_FORECAST_DEMAND,NO_FORECAST_DEMAND,NO_ACTION_REVIEW_DORMANT,REVIEW_DORMANT_STOCK
45,1086,127,0.0,0.0,0.0,0.0,NO_FORECAST_DEMAND,NO_FORECAST_DEMAND,NO_ACTION_REVIEW_DORMANT,REVIEW_DORMANT_STOCK
32,1109,127,0.0,0.0,0.0,0.0,NO_FORECAST_DEMAND,NO_FORECAST_DEMAND,NO_ACTION_REVIEW_DORMANT,REVIEW_DORMANT_STOCK
32,1199,127,0.0,0.0,0.0,0.0,NO_FORECAST_DEMAND,NO_FORECAST_DEMAND,NO_ACTION_REVIEW_DORMANT,REVIEW_DORMANT_STOCK
20,1092,127,0.0,0.0,0.0,0.0,NO_FORECAST_DEMAND,NO_FORECAST_DEMAND,NO_ACTION_REVIEW_DORMANT,REVIEW_DORMANT_STOCK
2,1085,126,0.0,0.0,0.0,0.0,NO_FORECAST_DEMAND,NO_FORECAST_DEMAND,NO_ACTION_REVIEW_DORMANT,REVIEW_DORMANT_STOCK
32,1164,126,0.0,0.0,0.0,0.0,NO_FORECAST_DEMAND,NO_FORECAST_DEMAND,NO_ACTION_REVIEW_DORMANT,REVIEW_DORMANT_STOCK
5,1152,125,0.0,0.0,0.0,0.0,NO_FORECAST_DEMAND,NO_FORECAST_DEMAND,NO_ACTION_REVIEW_DORMANT,REVIEW_DORMANT_STOCK
23,1033,125,0.0,0.0,0.0,0.0,NO_FORECAST_DEMAND,NO_FORECAST_DEMAND,NO_ACTION_REVIEW_DORMANT,REVIEW_DORMANT_STOCK
34,1089,125,0.0,0.0,0.0,0.0,NO_FORECAST_DEMAND,NO_FORECAST_DEMAND,NO_ACTION_REVIEW_DORMANT,REVIEW_DORMANT_STOCK
4,1044,125,0.0,0.0,0.0,0.0,NO_FORECAST_DEMAND,NO_FORECAST_DEMAND,NO_ACTION_REVIEW_DORMANT,REVIEW_DORMANT_STOCK
1,1135,125,0.0,0.0,0.0,0.0,NO_FORECAST_DEMAND,NO_FORECAST_DEMAND,NO_ACTION_REVIEW_DORMANT,REVIEW_DORMANT_STOCK
37,1008,124,0.0,0.0,0.0,0.0,NO_FORECAST_DEMAND,NO_FORECAST_DEMAND,NO_ACTION_REVIEW_DORMANT,REVIEW_DORMANT_STOCK
6,1200,124,0.0,0.0,0.0,0.0,NO_FORECAST_DEMAND,NO_FORECAST_DEMAND,NO_ACTION_REVIEW_DORMANT,REVIEW_DORMANT_STOCK
38,1017,123,0.0,0.0,0.0,0.0,NO_FORECAST_DEMAND,NO_FORECAST_DEMAND,NO_ACTION_REVIEW_DORMANT,REVIEW_DORMANT_STOCK
30,1033,123,0.0,0.0,0.0,0.0,NO_FORECAST_DEMAND,NO_FORECAST_DEMAND,NO_ACTION_REVIEW_DORMANT,REVIEW_DORMANT_STOCK
1,1046,123,0.0,0.0,0.0,0.0,NO_FORECAST_DEMAND,NO_FORECAST_DEMAND,NO_ACTION_REVIEW_DORMANT,REVIEW_DORMANT_STOCK
46,1127,123,0.0,0.0,0.0,0.0,NO_FORECAST_DEMAND,NO_FORECAST_DEMAND,NO_ACTION_REVIEW_DORMANT,REVIEW_DORMANT_STOCK
7,1098,123,0.0,0.0,0.0,0.0,NO_FORECAST_DEMAND,NO_FORECAST_DEMAND,NO_ACTION_REVIEW_DORMANT,REVIEW_DORMANT_STOCK
8,1045,122,0.0,0.0,0.0,0.0,NO_FORECAST_DEMAND,NO_FORECAST_DEMAND,NO_ACTION_REVIEW_DORMANT,REVIEW_DORMANT_STOCK
2,1145,122,0.0,0.0,0.0,0.0,NO_FORECAST_DEMAND,NO_FORECAST_DEMAND,NO_ACTION_REVIEW_DORMANT,REVIEW_DORMANT_STOCK
36,1142,122,0.0,0.0,0.0,0.0,NO_FORECAST_DEMAND,NO_FORECAST_DEMAND,NO_ACTION_REVIEW_DORMANT,REVIEW_DORMANT_STOCK
21,1089,122,0.0,0.0,0.0,0.0,NO_FORECAST_DEMAND,NO_FORECAST_DEMAND,NO_ACTION_REVIEW_DORMANT,REVIEW_DORMANT_STOCK
18,1091,121,0.0,0.0,0.0,0.0,NO_FORECAST_DEMAND,NO_FORECAST_DEMAND,NO_ACTION_REVIEW_DORMANT,REVIEW_DORMANT_STOCK
28,1150,121,0.0,0.0,0.0,0.0,NO_FORECAST_DEMAND,NO_FORECAST_DEMAND,NO_ACTION_REVIEW_DORMANT,REVIEW_DORMANT_STOCK
29,1064,121,0.0,0.0,0.0,0.0,NO_FORECAST_DEMAND,NO_FORECAST_DEMAND,NO_ACTION_REVIEW_DORMANT,REVIEW_DORMANT_STOCK
19,1199,121,0.0,0.0,0.0,0.0,NO_FORECAST_DEMAND,NO_FORECAST_DEMAND,NO_ACTION_REVIEW_DORMANT,REVIEW_DORMANT_STOCK
9,1047,121,0.0,0.0,0.0,0.0,NO_FORECAST_DEMAND,NO_FORECAST_DEMAND,NO_ACTION_REVIEW_DORMANT,REVIEW_DORMANT_STOCK
3,1055,120,0.0,0.0,0.0,0.0,NO_FORECAST_DEMAND,NO_FORECAST_DEMAND,NO_ACTION_REVIEW_DORMANT,REVIEW_DORMANT_STOCK
41,1124,120,0.0,0.0,0.0,0.0,NO_FORECAST_DEMAND,NO_FORECAST_DEMAND,NO_ACTION_REVIEW_DORMANT,REVIEW_DORMANT_STOCK
31,1160,120,0.0,0.0,0.0,0.0,NO_FORECAST_DEMAND,NO_FORECAST_DEMAND,NO_ACTION_REVIEW_DORMANT,REVIEW_DORMANT_STOCK
25,1108,120,0.0,0.0,0.0,0.0,NO_FORECAST_DEMAND,NO_FORECAST_DEMAND,NO_ACTION_REVIEW_DORMANT,REVIEW_DORMANT_STOCK
43,1086,120,0.0,0.0,0.0,0.0,NO_FORECAST_DEMAND,NO_FORECAST_DEMAND,NO_ACTION_REVIEW_DORMANT,REVIEW_DORMANT_STOCK
46,1014,119,0.0,0.0,0.0,0.0,NO_FORECAST_DEMAND,NO_FORECAST_DEMAND,NO_ACTION_REVIEW_DORMANT,REVIEW_DORMANT_STOCK
16,1163,118,0.0,0.0,0.0,0.0,NO_FORECAST_DEMAND,NO_FORECAST_DEMAND,NO_ACTION_REVIEW_DORMANT,REVIEW_DORMANT_STOCK
32,1189,117,0.0,0.0,0.0,0.0,NO_FORECAST_DEMAND,NO_FORECAST_DEMAND,NO_ACTION_REVIEW_DORMANT,REVIEW_DORMANT_STOCK
31,1111,115,0.0,0.0,0.0,0.0,NO_FORECAST_DEMAND,NO_FORECAST_DEMAND,NO_ACTION_REVIEW_DORMANT,REVIEW_DORMANT_STOCK
6,1106,115,0.0,0.0,0.0,0.0,NO_FORECAST_DEMAND,NO_FORECAST_DEMAND,NO_ACTION_REVIEW_DORMANT,REVIEW_DORMANT_STOCK
10,1033,115,0.0,0.0,0.0,0.0,NO_FORECAST_DEMAND,NO_FORECAST_DEMAND,NO_ACTION_REVIEW_DORMANT,REVIEW_DORMANT_STOCK
27,1081,114,0.0,0.0,0.0,0.0,NO_FORECAST_DEMAND,NO_FORECAST_DEMAND,NO_ACTION_REVIEW_DORMANT,REVIEW_DORMANT_STOCK
12,1009,114,0.0,0.0,0.0,0.0,NO_FORECAST_DEMAND,NO_FORECAST_DEMAND,NO_ACTION_REVIEW_DORMANT,REVIEW_DORMANT_STOCK
32,1157,114,0.0,0.0,0.0,0.0,NO_FORECAST_DEMAND,NO_FORECAST_DEMAND,NO_ACTION_REVIEW_DORMANT,REVIEW_DORMANT_STOCK
3,1124,114,0.0,0.0,0.0,0.0,NO_FORECAST_DEMAND,NO_FORECAST_DEMAND,NO_ACTION_REVIEW_DORMANT,REVIEW_DORMANT_STOCK
16,1058,114,0.0,0.0,0.0,0.0,NO_FORECAST_DEMAND,NO_FORECAST_DEMAND,NO_ACTION_REVIEW_DORMANT,REVIEW_DORMANT_STOCK
10,1109,114,0.0,0.0,0.0,0.0,NO_FORECAST_DEMAND,NO_FORECAST_DEMAND,NO_ACTION_REVIEW_DORMANT,REVIEW_DORMANT_STOCK
12,1181,113,0.0,0.0,0.0,0.0,NO_FORECAST_DEMAND,NO_FORECAST_DEMAND,NO_ACTION_REVIEW_DORMANT,REVIEW_DORMANT_STOCK
38,1076,113,0.0,0.0,0.0,0.0,NO_FORECAST_DEMAND,NO_FORECAST_DEMAND,NO_ACTION_REVIEW_DORMANT,REVIEW_DORMANT_STOCK
33,1132,112,0.0,0.0,0.0,0.0,NO_FORECAST_DEMAND,NO_FORECAST_DEMAND,NO_ACTION_REVIEW_DORMANT,REVIEW_DORMANT_STOCK
3,1115,112,0.0,0.0,0.0,0.0,NO_FORECAST_DEMAND,NO_FORECAST_DEMAND,NO_ACTION_REVIEW_DORMANT,REVIEW_DORMANT_STOCK
26,1083,112,0.0,0.0,0.0,0.0,NO_FORECAST_DEMAND,NO_FORECAST_DEMAND,NO_ACTION_REVIEW_DORMANT,REVIEW_DORMANT_STOCK
43,1099,111,0.0,0.0,0.0,0.0,NO_FORECAST_DEMAND,NO_FORECAST_DEMAND,NO_ACTION_REVIEW_DORMANT,REVIEW_DORMANT_STOCK
44,1152,111,0.0,0.0,0.0,0.0,NO_FORECAST_DEMAND,NO_FORECAST_DEMAND,NO_ACTION_REVIEW_DORMANT,REVIEW_DORMANT_STOCK
35,1183,110,0.0,0.0,0.0,0.0,NO_FORECAST_DEMAND,NO_FORECAST_DEMAND,NO_ACTION_REVIEW_DORMANT,REVIEW_DORMANT_STOCK
19,1043,110,0.0,0.0,0.0,0.0,NO_FORECAST_DEMAND,NO_FORECAST_DEMAND,NO_ACTION_REVIEW_DORMANT,REVIEW_DORMANT_STOCK
25,1164,110,0.0,0.0,0.0,0.0,NO_FORECAST_DEMAND,NO_FORECAST_DEMAND,NO_ACTION_REVIEW_DORMANT,REVIEW_DORMANT_STOCK
4,1005,110,0.0,0.0,0.0,0.0,NO_FORECAST_DEMAND,NO_FORECAST_DEMAND,NO_ACTION_REVIEW_DORMANT,REVIEW_DORMANT_STOCK
42,1161,110,0.0,0.0,0.0,0.0,NO_FORECAST_DEMAND,NO_FORECAST_DEMAND,NO_ACTION_REVIEW_DORMANT,REVIEW_DORMANT_STOCK
26,1066,109,0.0,0.0,0.0,0.0,NO_FORECAST_DEMAND,NO_FORECAST_DEMAND,NO_ACTION_REVIEW_DORMANT,REVIEW_DORMANT_STOCK
6,1092,109,0.0,0.0,0.0,0.0,NO_FORECAST_DEMAND,NO_FORECAST_DEMAND,NO_ACTION_REVIEW_DORMANT,REVIEW_DORMANT_STOCK
27,1173,109,0.0,0.0,0.0,0.0,NO_FORECAST_DEMAND,NO_FORECAST_DEMAND,NO_ACTION_REVIEW_DORMANT,REVIEW_DORMANT_STOCK
11,1140,108,0.0,0.0,0.0,0.0,NO_FORECAST_DEMAND,NO_FORECAST_DEMAND,NO_ACTION_REVIEW_DORMANT,REVIEW_DORMANT_STOCK
4,1148,108,0.0,0.0,0.0,0.0,NO_FORECAST_DEMAND,NO_FORECAST_DEMAND,NO_ACTION_REVIEW_DORMANT,REVIEW_DORMANT_STOCK
31,1181,107,0.0,0.0,0.0,0.0,NO_FORECAST_DEMAND,NO_FORECAST_DEMAND,NO_ACTION_REVIEW_DORMANT,REVIEW_DORMANT_STOCK
6,1002,106,0.0,0.0,0.0,0.0,NO_FORECAST_DEMAND,NO_FORECAST_DEMAND,NO_ACTION_REVIEW_DORMANT,REVIEW_DORMANT_STOCK
18,1076,106,0.0,0.0,0.0,0.0,NO_FORECAST_DEMAND,NO_FORECAST_DEMAND,NO_ACTION_REVIEW_DORMANT,REVIEW_DORMANT_STOCK
46,1118,106,0.0,0.0,0.0,0.0,NO_FORECAST_DEMAND,NO_FORECAST_DEMAND,NO_ACTION_REVIEW_DORMANT,REVIEW_DORMANT_STOCK
8,1036,105,0.0,0.0,0.0,0.0,NO_FORECAST_DEMAND,NO_FORECAST_DEMAND,NO_ACTION_REVIEW_DORMANT,REVIEW_DORMANT_STOCK
49,1138,105,0.0,0.0,0.0,0.0,NO_FORECAST_DEMAND,NO_FORECAST_DEMAND,NO_ACTION_REVIEW_DORMANT,REVIEW_DORMANT_STOCK
21,1192,105,0.0,0.0,0.0,0.0,NO_FORECAST_DEMAND,NO_FORECAST_DEMAND,NO_ACTION_REVIEW_DORMANT,REVIEW_DORMANT_STOCK
1,1099,105,0.0,0.0,0.0,0.0,NO_FORECAST_DEMAND,NO_FORECAST_DEMAND,NO_ACTION_REVIEW_DORMANT,REVIEW_DORMANT_STOCK
33,1096,105,0.0,0.0,0.0,0.0,NO_FORECAST_DEMAND,NO_FORECAST_DEMAND,NO_ACTION_REVIEW_DORMANT,REVIEW_DORMANT_STOCK
19,1037,105,0.0,0.0,0.0,0.0,NO_FORECAST_DEMAND,NO_FORECAST_DEMAND,NO_ACTION_REVIEW_DORMANT,REVIEW_DORMANT_STOCK
43,1027,105,0.0,0.0,0.0,0.0,NO_FORECAST_DEMAND,NO_FORECAST_DEMAND,NO_ACTION_REVIEW_DORMANT,REVIEW_DORMANT_STOCK
4,1056,104,0.0,0.0,0.0,0.0,NO_FORECAST_DEMAND,NO_FORECAST_DEMAND,NO_ACTION_REVIEW_DORMANT,REVIEW_DORMANT_STOCK
33,1159,103,0.0,0.0,0.0,0.0,NO_FORECAST_DEMAND,NO_FORECAST_DEMAND,NO_ACTION_REVIEW_DORMANT,REVIEW_DORMANT_STOCK
12,1109,103,0.0,0.0,0.0,0.0,NO_FORECAST_DEMAND,NO_FORECAST_DEMAND,NO_ACTION_REVIEW_DORMANT,REVIEW_DORMANT_STOCK
27,1015,103,0.0,0.0,0.0,0.0,NO_FORECAST_DEMAND,NO_FORECAST_DEMAND,NO_ACTION_REVIEW_DORMANT,REVIEW_DORMANT_STOCK
47,1091,102,0.0,0.0,0.0,0.0,NO_FORECAST_DEMAND,NO_FORECAST_DEMAND,NO_ACTION_REVIEW_DORMANT,REVIEW_DORMANT_STOCK
20,1127,102,0.0,0.0,0.0,0.0,NO_FORECAST_DEMAND,NO_FORECAST_DEMAND,NO_ACTION_REVIEW_DORMANT,REVIEW_DORMANT_STOCK
24,1035,102,0.0,0.0,0.0,0.0,NO_FORECAST_DEMAND,NO_FORECAST_DEMAND,NO_ACTION_REVIEW_DORMANT,REVIEW_DORMANT_STOCK
26,1117,102,0.0,0.0,0.0,0.0,NO_FORECAST_DEMAND,NO_FORECAST_DEMAND,NO_ACTION_REVIEW_DORMANT,REVIEW_DORMANT_STOCK
46,1131,101,0.0,0.0,0.0,0.0,NO_FORECAST_DEMAND,NO_FORECAST_DEMAND,NO_ACTION_REVIEW_DORMANT,REVIEW_DORMANT_STOCK
4,1067,101,0.0,0.0,0.0,0.0,NO_FORECAST_DEMAND,NO_FORECAST_DEMAND,NO_ACTION_REVIEW_DORMANT,REVIEW_DORMANT_STOCK
13,1035,101,0.0,0.0,0.0,0.0,NO_FORECAST_DEMAND,NO_FORECAST_DEMAND,NO_ACTION_REVIEW_DORMANT,REVIEW_DORMANT_STOCK
23,1133,101,0.0,0.0,0.0,0.0,NO_FORECAST_DEMAND,NO_FORECAST_DEMAND,NO_ACTION_REVIEW_DORMANT,REVIEW_DORMANT_STOCK
1,1051,100,0.0,0.0,0.0,0.0,NO_FORECAST_DEMAND,NO_FORECAST_DEMAND,NO_ACTION_REVIEW_DORMANT,REVIEW_DORMANT_STOCK
1,1147,100,0.0,0.0,0.0,0.0,NO_FORECAST_DEMAND,NO_FORECAST_DEMAND,NO_ACTION_REVIEW_DORMANT,REVIEW_DORMANT_STOCK
21,1161,100,0.0,0.0,0.0,0.0,NO_FORECAST_DEMAND,NO_FORECAST_DEMAND,NO_ACTION_REVIEW_DORMANT,REVIEW_DORMANT_STOCK
37,1051,100,0.0,0.0,0.0,0.0,NO_FORECAST_DEMAND,NO_FORECAST_DEMAND,NO_ACTION_REVIEW_DORMANT,REVIEW_DORMANT_STOCK
24,1195,100,0.0,0.0,0.0,0.0,NO_FORECAST_DEMAND,NO_FORECAST_DEMAND,NO_ACTION_REVIEW_DORMANT,REVIEW_DORMANT_STOCK
18,1133,98,0.0,0.0,0.0,0.0,NO_FORECAST_DEMAND,NO_FORECAST_DEMAND,NO_ACTION_REVIEW_DORMANT,REVIEW_DORMANT_STOCK
39,1062,98,0.0,0.0,0.0,0.0,NO_FORECAST_DEMAND,NO_FORECAST_DEMAND,NO_ACTION_REVIEW_DORMANT,REVIEW_DORMANT_STOCK
18,1124,97,0.0,0.0,0.0,0.0,NO_FORECAST_DEMAND,NO_FORECAST_DEMAND,NO_ACTION_REVIEW_DORMANT,REVIEW_DORMANT_STOCK
1,1152,97,0.0,0.0,0.0,0.0,NO_FORECAST_DEMAND,NO_FORECAST_DEMAND,NO_ACTION_REVIEW_DORMANT,REVIEW_DORMANT_STOCK
44,1112,97,0.0,0.0,0.0,0.0,NO_FORECAST_DEMAND,NO_FORECAST_DEMAND,NO_ACTION_REVIEW_DORMANT,REVIEW_DORMANT_STOCK
19,1084,97,0.0,0.0,0.0,0.0,NO_FORECAST_DEMAND,NO_FORECAST_DEMAND,NO_ACTION_REVIEW_DORMANT,REVIEW_DORMANT_STOCK
3,1194,97,0.0,0.0,0.0,0.0,NO_FORECAST_DEMAND,NO_FORECAST_DEMAND,NO_ACTION_REVIEW_DORMANT,REVIEW_DORMANT_STOCK
32,1131,97,0.0,0.0,0.0,0.0,NO_FORECAST_DEMAND,NO_FORECAST_DEMAND,NO_ACTION_REVIEW_DORMANT,REVIEW_DORMANT_STOCK
37,1151,97,0.0,0.0,0.0,0.0,NO_FORECAST_DEMAND,NO_FORECAST_DEMAND,NO_ACTION_REVIEW_DORMANT,REVIEW_DORMANT_STOCK
18,1167,96,0.0,0.0,0.0,0.0,NO_FORECAST_DEMAND,NO_FORECAST_DEMAND,NO_ACTION_REVIEW_DORMANT,REVIEW_DORMANT_STOCK
24,1048,96,0.0,0.0,0.0,0.0,NO_FORECAST_DEMAND,NO_FORECAST_DEMAND,NO_ACTION_REVIEW_DORMANT,REVIEW_DORMANT_STOCK
4,1057,95,0.0,0.0,0.0,0.0,NO_FORECAST_DEMAND,NO_FORECAST_DEMAND,NO_ACTION_REVIEW_DORMANT,REVIEW_DORMANT_STOCK
21,1140,95,0.0,0.0,0.0,0.0,NO_FORECAST_DEMAND,NO_FORECAST_DEMAND,NO_ACTION_REVIEW_DORMANT,REVIEW_DORMANT_STOCK
28,1144,95,0.0,0.0,0.0,0.0,NO_FORECAST_DEMAND,NO_FORECAST_DEMAND,NO_ACTION_REVIEW_DORMANT,REVIEW_DORMANT_STOCK
35,1088,94,0.0,0.0,0.0,0.0,NO_FORECAST_DEMAND,NO_FORECAST_DEMAND,NO_ACTION_REVIEW_DORMANT,REVIEW_DORMANT_STOCK
37,1065,93,0.0,0.0,0.0,0.0,NO_FORECAST_DEMAND,NO_FORECAST_DEMAND,NO_ACTION_REVIEW_DORMANT,REVIEW_DORMANT_STOCK
11,1157,93,0.0,0.0,0.0,0.0,NO_FORECAST_DEMAND,NO_FORECAST_DEMAND,NO_ACTION_REVIEW_DORMANT,REVIEW_DORMANT_STOCK
32,1190,92,0.0,0.0,0.0,0.0,NO_FORECAST_DEMAND,NO_FORECAST_DEMAND,NO_ACTION_REVIEW_DORMANT,REVIEW_DORMANT_STOCK
18,1061,92,0.0,0.0,0.0,0.0,NO_FORECAST_DEMAND,NO_FORECAST_DEMAND,NO_ACTION_REVIEW_DORMANT,REVIEW_DORMANT_STOCK
23,1073,92,0.0,0.0,0.0,0.0,NO_FORECAST_DEMAND,NO_FORECAST_DEMAND,NO_ACTION_REVIEW_DORMANT,REVIEW_DORMANT_STOCK
31,1121,92,0.0,0.0,0.0,0.0,NO_FORECAST_DEMAND,NO_FORECAST_DEMAND,NO_ACTION_REVIEW_DORMANT,REVIEW_DORMANT_STOCK
31,1143,92,0.0,0.0,0.0,0.0,NO_FORECAST_DEMAND,NO_FORECAST_DEMAND,NO_ACTION_REVIEW_DORMANT,REVIEW_DORMANT_STOCK
25,1018,92,0.0,0.0,0.0,0.0,NO_FORECAST_DEMAND,NO_FORECAST_DEMAND,NO_ACTION_REVIEW_DORMANT,REVIEW_DORMANT_STOCK
9,1174,91,0.0,0.0,0.0,0.0,NO_FORECAST_DEMAND,NO_FORECAST_DEMAND,NO_ACTION_REVIEW_DORMANT,REVIEW_DORMANT_STOCK
39,1008,91,0.0,0.0,0.0,0.0,NO_FORECAST_DEMAND,NO_FORECAST_DEMAND,NO_ACTION_REVIEW_DORMANT,REVIEW_DORMANT_STOCK
40,1056,91,0.0,0.0,0.0,0.0,NO_FORECAST_DEMAND,NO_FORECAST_DEMAND,NO_ACTION_REVIEW_DORMANT,REVIEW_DORMANT_STOCK
47,1008,91,0.0,0.0,0.0,0.0,NO_FORECAST_DEMAND,NO_FORECAST_DEMAND,NO_ACTION_REVIEW_DORMANT,REVIEW_DORMANT_STOCK
8,1144,90,0.0,0.0,0.0,0.0,NO_FORECAST_DEMAND,NO_FORECAST_DEMAND,NO_ACTION_REVIEW_DORMANT,REVIEW_DORMANT_STOCK
13,1143,90,0.0,0.0,0.0,0.0,NO_FORECAST_DEMAND,NO_FORECAST_DEMAND,NO_ACTION_REVIEW_DORMANT,REVIEW_DORMANT_STOCK
18,1048,90,0.0,0.0,0.0,0.0,NO_FORECAST_DEMAND,NO_FORECAST_DEMAND,NO_ACTION_REVIEW_DORMANT,REVIEW_DORMANT_STOCK
17,1009,89,0.0,0.0,0.0,0.0,NO_FORECAST_DEMAND,NO_FORECAST_DEMAND,NO_ACTION_REVIEW_DORMANT,REVIEW_DORMANT_STOCK
35,1149,89,0.0,0.0,0.0,0.0,NO_FORECAST_DEMAND,NO_FORECAST_DEMAND,NO_ACTION_REVIEW_DORMANT,REVIEW_DORMANT_STOCK
16,1173,89,0.0,0.0,0.0,0.0,NO_FORECAST_DEMAND,NO_FORECAST_DEMAND,NO_ACTION_REVIEW_DORMANT,REVIEW_DORMANT_STOCK
25,1100,87,0.0,0.0,0.0,0.0,NO_FORECAST_DEMAND,NO_FORECAST_DEMAND,NO_ACTION_REVIEW_DORMANT,REVIEW_DORMANT_STOCK
44,1035,87,0.0,0.0,0.0,0.0,NO_FORECAST_DEMAND,NO_FORECAST_DEMAND,NO_ACTION_REVIEW_DORMANT,REVIEW_DORMANT_STOCK
13,1099,87,0.0,0.0,0.0,0.0,NO_FORECAST_DEMAND,NO_FORECAST_DEMAND,NO_ACTION_REVIEW_DORMANT,REVIEW_DORMANT_STOCK
19,1019,87,0.0,0.0,0.0,0.0,NO_FORECAST_DEMAND,NO_FORECAST_DEMAND,NO_ACTION_REVIEW_DORMANT,REVIEW_DORMANT_STOCK
9,1161,86,0.0,0.0,0.0,0.0,NO_FORECAST_DEMAND,NO_FORECAST_DEMAND,NO_ACTION_REVIEW_DORMANT,REVIEW_DORMANT_STOCK
31,1108,85,0.0,0.0,0.0,0.0,NO_FORECAST_DEMAND,NO_FORECAST_DEMAND,NO_ACTION_REVIEW_DORMANT,REVIEW_DORMANT_STOCK
15,1001,85,0.0,0.0,0.0,0.0,NO_FORECAST_DEMAND,NO_FORECAST_DEMAND,NO_ACTION_REVIEW_DORMANT,REVIEW_DORMANT_STOCK
18,1197,85,0.0,0.0,0.0,0.0,NO_FORECAST_DEMAND,NO_FORECAST_DEMAND,NO_ACTION_REVIEW_DORMANT,REVIEW_DORMANT_STOCK
13,1180,85,0.0,0.0,0.0,0.0,NO_FORECAST_DEMAND,NO_FORECAST_DEMAND,NO_ACTION_REVIEW_DORMANT,REVIEW_DORMANT_STOCK
6,1053,85,0.0,0.0,0.0,0.0,NO_FORECAST_DEMAND,NO_FORECAST_DEMAND,NO_ACTION_REVIEW_DORMANT,REVIEW_DORMANT_STOCK
41,1172,84,0.0,0.0,0.0,0.0,NO_FORECAST_DEMAND,NO_FORECAST_DEMAND,NO_ACTION_REVIEW_DORMANT,REVIEW_DORMANT_STOCK
4,1068,84,0.0,0.0,0.0,0.0,NO_FORECAST_DEMAND,NO_FORECAST_DEMAND,NO_ACTION_REVIEW_DORMANT,REVIEW_DORMANT_STOCK
46,1132,83,0.0,0.0,0.0,0.0,NO_FORECAST_DEMAND,NO_FORECAST_DEMAND,NO_ACTION_REVIEW_DORMANT,REVIEW_DORMANT_STOCK
3,1185,82,0.0,0.0,0.0,0.0,NO_FORECAST_DEMAND,NO_FORECAST_DEMAND,NO_ACTION_REVIEW_DORMANT,REVIEW_DORMANT_STOCK
30,1159,82,0.0,0.0,0.0,0.0,NO_FORECAST_DEMAND,NO_FORECAST_DEMAND,NO_ACTION_REVIEW_DORMANT,REVIEW_DORMANT_STOCK
47,1145,81,0.0,0.0,0.0,0.0,NO_FORECAST_DEMAND,NO_FORECAST_DEMAND,NO_ACTION_REVIEW_DORMANT,REVIEW_DORMANT_STOCK
39,1098,81,0.0,0.0,0.0,0.0,NO_FORECAST_DEMAND,NO_FORECAST_DEMAND,NO_ACTION_REVIEW_DORMANT,REVIEW_DORMANT_STOCK
20,1016,81,0.0,0.0,0.0,0.0,NO_FORECAST_DEMAND,NO_FORECAST_DEMAND,NO_ACTION_REVIEW_DORMANT,REVIEW_DORMANT_STOCK
37,1145,81,0.0,0.0,0.0,0.0,NO_FORECAST_DEMAND,NO_FORECAST_DEMAND,NO_ACTION_REVIEW_DORMANT,REVIEW_DORMANT_STOCK
6,1151,80,0.0,0.0,0.0,0.0,NO_FORECAST_DEMAND,NO_FORECAST_DEMAND,NO_ACTION_REVIEW_DORMANT,REVIEW_DORMANT_STOCK
34,1051,80,0.0,0.0,0.0,0.0,NO_FORECAST_DEMAND,NO_FORECAST_DEMAND,NO_ACTION_REVIEW_DORMANT,REVIEW_DORMANT_STOCK
38,1036,80,0.0,0.0,0.0,0.0,NO_FORECAST_DEMAND,NO_FORECAST_DEMAND,NO_ACTION_REVIEW_DORMANT,REVIEW_DORMANT_STOCK
34,1078,79,0.0,0.0,0.0,0.0,NO_FORECAST_DEMAND,NO_FORECAST_DEMAND,NO_ACTION_REVIEW_DORMANT,REVIEW_DORMANT_STOCK
6,1119,79,0.0,0.0,0.0,0.0,NO_FORECAST_DEMAND,NO_FORECAST_DEMAND,NO_ACTION_REVIEW_DORMANT,REVIEW_DORMANT_STOCK
4,1177,78,0.0,0.0,0.0,0.0,NO_FORECAST_DEMAND,NO_FORECAST_DEMAND,NO_ACTION_REVIEW_DORMANT,REVIEW_DORMANT_STOCK
24,1021,78,0.0,0.0,0.0,0.0,NO_FORECAST_DEMAND,NO_FORECAST_DEMAND,NO_ACTION_REVIEW_DORMANT,REVIEW_DORMANT_STOCK
39,1077,77,0.0,0.0,0.0,0.0,NO_FORECAST_DEMAND,NO_FORECAST_DEMAND,NO_ACTION_REVIEW_DORMANT,REVIEW_DORMANT_STOCK
15,1040,76,0.0,0.0,0.0,0.0,NO_FORECAST_DEMAND,NO_FORECAST_DEMAND,NO_ACTION_REVIEW_DORMANT,REVIEW_DORMANT_STOCK
48,1060,76,0.0,0.0,0.0,0.0,NO_FORECAST_DEMAND,NO_FORECAST_DEMAND,NO_ACTION_REVIEW_DORMANT,REVIEW_DORMANT_STOCK
2,1062,76,0.0,0.0,0.0,0.0,NO_FORECAST_DEMAND,NO_FORECAST_DEMAND,NO_ACTION_REVIEW_DORMANT,REVIEW_DORMANT_STOCK
34,1189,76,0.0,0.0,0.0,0.0,NO_FORECAST_DEMAND,NO_FORECAST_DEMAND,NO_ACTION_REVIEW_DORMANT,REVIEW_DORMANT_STOCK
45,1164,75,0.0,0.0,0.0,0.0,NO_FORECAST_DEMAND,NO_FORECAST_DEMAND,NO_ACTION_REVIEW_DORMANT,REVIEW_DORMANT_STOCK
1,1031,75,0.0,0.0,0.0,0.0,NO_FORECAST_DEMAND,NO_FORECAST_DEMAND,NO_ACTION_REVIEW_DORMANT,REVIEW_DORMANT_STOCK
18,1008,74,0.0,0.0,0.0,0.0,NO_FORECAST_DEMAND,NO_FORECAST_DEMAND,NO_ACTION_REVIEW_DORMANT,REVIEW_DORMANT_STOCK
1,1112,74,0.0,0.0,0.0,0.0,NO_FORECAST_DEMAND,NO_FORECAST_DEMAND,NO_ACTION_REVIEW_DORMANT,REVIEW_DORMANT_STOCK
2,1173,74,0.0,0.0,0.0,0.0,NO_FORECAST_DEMAND,NO_FORECAST_DEMAND,NO_ACTION_REVIEW_DORMANT,REVIEW_DORMANT_STOCK
13,1149,74,0.0,0.0,0.0,0.0,NO_FORECAST_DEMAND,NO_FORECAST_DEMAND,NO_ACTION_REVIEW_DORMANT,REVIEW_DORMANT_STOCK
38,1151,73,0.0,0.0,0.0,0.0,NO_FORECAST_DEMAND,NO_FORECAST_DEMAND,NO_ACTION_REVIEW_DORMANT,REVIEW_DORMANT_STOCK
17,1161,73,0.0,0.0,0.0,0.0,NO_FORECAST_DEMAND,NO_FORECAST_DEMAND,NO_ACTION_REVIEW_DORMANT,REVIEW_DORMANT_STOCK
3,1122,73,0.0,0.0,0.0,0.0,NO_FORECAST_DEMAND,NO_FORECAST_DEMAND,NO_ACTION_REVIEW_DORMANT,REVIEW_DORMANT_STOCK
26,1151,73,0.0,0.0,0.0,0.0,NO_FORECAST_DEMAND,NO_FORECAST_DEMAND,NO_ACTION_REVIEW_DORMANT,REVIEW_DORMANT_STOCK
38,1174,72,0.0,0.0,0.0,0.0,NO_FORECAST_DEMAND,NO_FORECAST_DEMAND,NO_ACTION_REVIEW_DORMANT,REVIEW_DORMANT_STOCK
3,1007,72,0.0,0.0,0.0,0.0,NO_FORECAST_DEMAND,NO_FORECAST_DEMAND,NO_ACTION_REVIEW_DORMANT,REVIEW_DORMANT_STOCK
25,1043,71,0.0,0.0,0.0,0.0,NO_FORECAST_DEMAND,NO_FORECAST_DEMAND,NO_ACTION_REVIEW_DORMANT,REVIEW_DORMANT_STOCK
20,1060,71,0.0,0.0,0.0,0.0,NO_FORECAST_DEMAND,NO_FORECAST_DEMAND,NO_ACTION_REVIEW_DORMANT,REVIEW_DORMANT_STOCK
48,1038,70,0.0,0.0,0.0,0.0,NO_FORECAST_DEMAND,NO_FORECAST_DEMAND,NO_ACTION_REVIEW_DORMANT,REVIEW_DORMANT_STOCK
4,1032,70,0.0,0.0,0.0,0.0,NO_FORECAST_DEMAND,NO_FORECAST_DEMAND,NO_ACTION_REVIEW_DORMANT,REVIEW_DORMANT_STOCK
1,1049,69,0.0,0.0,0.0,0.0,NO_FORECAST_DEMAND,NO_FORECAST_DEMAND,NO_ACTION_REVIEW_DORMANT,REVIEW_DORMANT_STOCK
6,1035,69,0.0,0.0,0.0,0.0,NO_FORECAST_DEMAND,NO_FORECAST_DEMAND,NO_ACTION_REVIEW_DORMANT,REVIEW_DORMANT_STOCK
46,1114,67,0.0,0.0,0.0,0.0,NO_FORECAST_DEMAND,NO_FORECAST_DEMAND,NO_ACTION_REVIEW_DORMANT,REVIEW_DORMANT_STOCK
20,1014,67,0.0,0.0,0.0,0.0,NO_FORECAST_DEMAND,NO_FORECAST_DEMAND,NO_ACTION_REVIEW_DORMANT,REVIEW_DORMANT_STOCK
3,1001,67,0.0,0.0,0.0,0.0,NO_FORECAST_DEMAND,NO_FORECAST_DEMAND,NO_ACTION_REVIEW_DORMANT,REVIEW_DORMANT_STOCK
5,1114,66,0.0,0.0,0.0,0.0,NO_FORECAST_DEMAND,NO_FORECAST_DEMAND,NO_ACTION_REVIEW_DORMANT,REVIEW_DORMANT_STOCK
13,1050,65,0.0,0.0,0.0,0.0,NO_FORECAST_DEMAND,NO_FORECAST_DEMAND,NO_ACTION_REVIEW_DORMANT,REVIEW_DORMANT_STOCK
43,1059,65,0.0,0.0,0.0,0.0,NO_FORECAST_DEMAND,NO_FORECAST_DEMAND,NO_ACTION_REVIEW_DORMANT,REVIEW_DORMANT_STOCK
31,1036,64,0.0,0.0,0.0,0.0,NO_FORECAST_DEMAND,NO_FORECAST_DEMAND,NO_ACTION_REVIEW_DORMANT,REVIEW_DORMANT_STOCK
1,1080,64,0.0,0.0,0.0,0.0,NO_FORECAST_DEMAND,NO_FORECAST_DEMAND,NO_ACTION_REVIEW_DORMANT,REVIEW_DORMANT_STOCK
4,1078,63,0.0,0.0,0.0,0.0,NO_FORECAST_DEMAND,NO_FORECAST_DEMAND,NO_ACTION_REVIEW_DORMANT,REVIEW_DORMANT_STOCK
31,1001,63,0.0,0.0,0.0,0.0,NO_FORECAST_DEMAND,NO_FORECAST_DEMAND,NO_ACTION_REVIEW_DORMANT,REVIEW_DORMANT_STOCK
26,1045,63,0.0,0.0,0.0,0.0,NO_FORECAST_DEMAND,NO_FORECAST_DEMAND,NO_ACTION_REVIEW_DORMANT,REVIEW_DORMANT_STOCK
24,1085,63,0.0,0.0,0.0,0.0,NO_FORECAST_DEMAND,NO_FORECAST_DEMAND,NO_ACTION_REVIEW_DORMANT,REVIEW_DORMANT_STOCK
20,1059,61,0.0,0.0,0.0,0.0,NO_FORECAST_DEMAND,NO_FORECAST_DEMAND,NO_ACTION_REVIEW_DORMANT,REVIEW_DORMANT_STOCK
39,1027,60,0.0,0.0,0.0,0.0,NO_FORECAST_DEMAND,NO_FORECAST_DEMAND,NO_ACTION_REVIEW_DORMANT,REVIEW_DORMANT_STOCK
3,1019,60,0.0,0.0,0.0,0.0,NO_FORECAST_DEMAND,NO_FORECAST_DEMAND,NO_ACTION_REVIEW_DORMANT,REVIEW_DORMANT_STOCK
18,1080,60,0.0,0.0,0.0,0.0,NO_FORECAST_DEMAND,NO_FORECAST_DEMAND,NO_ACTION_REVIEW_DORMANT,REVIEW_DORMANT_STOCK
24,1038,59,0.0,0.0,0.0,0.0,NO_FORECAST_DEMAND,NO_FORECAST_DEMAND,NO_ACTION_REVIEW_DORMANT,REVIEW_DORMANT_STOCK
18,1135,57,0.0,0.0,0.0,0.0,NO_FORECAST_DEMAND,NO_FORECAST_DEMAND,NO_ACTION_REVIEW_DORMANT,REVIEW_DORMANT_STOCK
26,1149,56,0.0,0.0,0.0,0.0,NO_FORECAST_DEMAND,NO_FORECAST_DEMAND,NO_ACTION_REVIEW_DORMANT,REVIEW_DORMANT_STOCK
48,1164,54,0.0,0.0,0.0,0.0,NO_FORECAST_DEMAND,NO_FORECAST_DEMAND,NO_ACTION_REVIEW_DORMANT,REVIEW_DORMANT_STOCK
37,1107,54,0.0,0.0,0.0,0.0,NO_FORECAST_DEMAND,NO_FORECAST_DEMAND,NO_ACTION_REVIEW_DORMANT,REVIEW_DORMANT_STOCK
39,1144,52,0.0,0.0,0.0,0.0,NO_FORECAST_DEMAND,NO_FORECAST_DEMAND,NO_ACTION_REVIEW_DORMANT,REVIEW_DORMANT_STOCK
39,1099,52,0.0,0.0,0.0,0.0,NO_FORECAST_DEMAND,NO_FORECAST_DEMAND,NO_ACTION_REVIEW_DORMANT,REVIEW_DORMANT_STOCK
31,1183,51,0.0,0.0,0.0,0.0,NO_FORECAST_DEMAND,NO_FORECAST_DEMAND,NO_ACTION_REVIEW_DORMANT,REVIEW_DORMANT_STOCK
