sku_id,store_count,stock_on_hand,calibrated_forecast_30d,calibrated_forecast_60d,calibrated_forecast_90d,planning_daily_demand,severe_overstock_count,no_forecast_count,reorder_count,suggested_reorder_quantity,planning_30d_demand,stock_to_forecast_30d_ratio,inventory_coverage_days,business_status,business_action
1188,46,12189,62.97971235476786,136.15067797886832,291.7653116447086,2.40313045688101,41,5,0,0,72.0939137064303,193.53851493221745,5072.134126176377,OVERSTOCK_AND_DORMANT,STOP_REPLENISHMENT; REVIEW_TRANSFER_LIQUIDATION
1086,47,11787,64.93950245014705,139.76916082948773,298.96027734814487,2.4460616911681354,41,6,0,0,73.38185073504407,181.50739619615473,4818.76644508137,OVERSTOCK_AND_DORMANT,STOP_REPLENISHMENT; REVIEW_TRANSFER_LIQUIDATION
1128,40,9979,56.25705815617421,121.53686829283508,259.980975885411,2.1792372482284073,34,6,0,0,65.37711744685222,177.3821868235178,4579.125108159906,OVERSTOCK_AND_DORMANT,STOP_REPLENISHMENT; REVIEW_TRANSFER_LIQUIDATION
1119,39,9845,55.81773541100223,120.25930959522444,257.80106709169587,2.148177354110021,35,4,0,0,64.44532062330063,176.3776320824985,4582.954932079495,OVERSTOCK_AND_DORMANT,STOP_REPLENISHMENT; REVIEW_TRANSFER_LIQUIDATION
1071,43,11343,65.14035206041287,140.41232524695786,300.7812877263399,2.65473685393746,41,2,0,0,79.64210561812381,174.13169627146328,4272.739869933344,OVERSTOCK_AND_DORMANT,STOP_REPLENISHMENT; REVIEW_TRANSFER_LIQUIDATION
1196,43,10403,60.758888365613934,132.06611334250928,280.56443241163805,2.450922216989471,38,5,0,0,73.52766650968414,171.21774739196027,4244.524745782534,OVERSTOCK_AND_DORMANT,STOP_REPLENISHMENT; REVIEW_TRANSFER_LIQUIDATION
1127,45,10411,61.160175399396124,131.71582628791282,282.21224675072483,2.1516017539939596,38,7,0,0,64.54805261981879,170.2251494867818,4838.7207254662,OVERSTOCK_AND_DORMANT,STOP_REPLENISHMENT; REVIEW_TRANSFER_LIQUIDATION
1029,43,10788,63.51370884057856,137.22990256453835,292.82498592334355,2.7218037550724503,39,4,0,0,81.65411265217351,169.85309466147262,3963.548062528424,OVERSTOCK_AND_DORMANT,STOP_REPLENISHMENT; REVIEW_TRANSFER_LIQUIDATION
1121,42,10212,60.2635572369694,129.9522765025221,278.6517465134521,2.0893022390363587,38,4,0,0,62.679067171090765,169.4556456374488,4887.756213150877,OVERSTOCK_AND_DORMANT,STOP_REPLENISHMENT; REVIEW_TRANSFER_LIQUIDATION
1094,44,10898,64.33766480026544,138.49311011418595,296.56960164901784,2.683376648002653,40,4,0,0,80.50129944007959,169.38755912003566,4061.300901650101,OVERSTOCK_AND_DORMANT,STOP_REPLENISHMENT; REVIEW_TRANSFER_LIQUIDATION
1120,45,10795,65.1077223569126,140.38938153635854,300.88797760102364,2.8010772235691244,40,5,0,0,84.03231670707373,165.80214464918808,3853.8744698530813,OVERSTOCK_AND_DORMANT,STOP_REPLENISHMENT; REVIEW_TRANSFER_LIQUIDATION
1104,44,10990,66.68802993082956,143.2852222270562,307.42157792076375,2.656880299308294,42,2,0,0,79.70640897924882,164.79719091115894,4136.430234685843,OVERSTOCK_AND_DORMANT,STOP_REPLENISHMENT; REVIEW_TRANSFER_LIQUIDATION
1166,47,11938,73.21493887652998,157.20291219142197,337.3711116061096,2.835482722098631,45,2,0,0,85.06448166295893,163.05415511078004,4210.217860599167,OVERSTOCK_AND_DORMANT,STOP_REPLENISHMENT; REVIEW_TRANSFER_LIQUIDATION
1042,45,10620,66.21471930637132,143.88530938272567,307.47039710945813,2.555480526397045,41,4,0,0,76.66441579191134,160.38729924779915,4155.774184267829,OVERSTOCK_AND_DORMANT,STOP_REPLENISHMENT; REVIEW_TRANSFER_LIQUIDATION
1070,44,10620,66.57529513938621,143.44826262455106,307.45766497681655,2.439086284727194,40,4,0,0,73.17258854181581,159.518631915417,4354.089507410691,OVERSTOCK_AND_DORMANT,STOP_REPLENISHMENT; REVIEW_TRANSFER_LIQUIDATION
1010,43,10543,66.26253344725606,142.41973331063346,304.042517328507,2.5692920011392255,41,2,0,0,77.07876003417677,159.10952164833938,4103.465077276241,OVERSTOCK_AND_DORMANT,STOP_REPLENISHMENT; REVIEW_TRANSFER_LIQUIDATION
1180,45,10454,66.19207853024307,142.55928491115975,306.8316171100152,2.5785874519690957,41,4,0,0,77.35762355907286,157.9343062210017,4054.157632705835,OVERSTOCK_AND_DORMANT,STOP_REPLENISHMENT; REVIEW_TRANSFER_LIQUIDATION
1177,42,8823,56.8230997113979,122.46769708431418,262.66099682883436,2.211564330447311,35,7,0,0,66.34692991341933,155.27136049972,3989.4837688105868,OVERSTOCK_AND_DORMANT,STOP_REPLENISHMENT; REVIEW_TRANSFER_LIQUIDATION
1178,45,10284,66.58130511284011,143.66931514687553,308.90992848704525,2.685813051128399,42,3,0,0,80.57439153385197,154.45777133042026,3829.0081268610083,OVERSTOCK_AND_DORMANT,STOP_REPLENISHMENT; REVIEW_TRANSFER_LIQUIDATION
1024,43,9905,64.33136152422674,139.39702038840454,296.49563513120984,2.619980281908932,39,4,0,0,78.59940845726797,153.96844968483757,3780.56280361895,OVERSTOCK_AND_DORMANT,STOP_REPLENISHMENT; REVIEW_TRANSFER_LIQUIDATION
1013,43,10465,67.97132588186521,146.19479897241163,312.49756123890444,2.166379925485317,41,2,0,0,64.99139776455951,153.96198123585623,4830.63929687015,OVERSTOCK_AND_DORMANT,STOP_REPLENISHMENT; REVIEW_TRANSFER_LIQUIDATION
1021,45,10419,68.66610737035195,148.86177803723248,317.67911285393313,2.2233277403701845,44,1,0,0,66.69983221110553,151.73424559812202,4686.218685089241,OVERSTOCK_AND_DORMANT,STOP_REPLENISHMENT; REVIEW_TRANSFER_LIQUIDATION
1110,44,10379,69.57844290489723,149.62459285922256,321.29956796429747,2.462451095715637,43,1,0,0,73.87353287146911,149.1697653278395,4214.906041406543,OVERSTOCK_AND_DORMANT,STOP_REPLENISHMENT; REVIEW_TRANSFER_LIQUIDATION
1067,44,9605,64.48145653306855,139.04552169440106,296.88861265606386,2.5814812319973504,39,5,0,0,77.44443695992051,148.95755332502748,3720.7320669026885,OVERSTOCK_AND_DORMANT,STOP_REPLENISHMENT; REVIEW_TRANSFER_LIQUIDATION
1182,43,8983,60.73256300608067,130.74082858947347,280.5904453978245,2.413992296727472,39,4,0,0,72.41976890182416,147.91076739344268,3721.2214853285996,OVERSTOCK_AND_DORMANT,STOP_REPLENISHMENT; REVIEW_TRANSFER_LIQUIDATION
1193,41,9107,61.73259958639201,134.45190862734012,286.4514216587228,2.333992662530585,38,3,0,0,70.01977987591755,147.5233516977551,3901.897442182152,OVERSTOCK_AND_DORMANT,STOP_REPLENISHMENT; REVIEW_TRANSFER_LIQUIDATION
1016,45,9900,67.73116518250416,145.94644894534972,310.2363869143704,2.45731165182504,42,3,0,0,73.7193495547512,146.16609611430837,4028.793007450761,OVERSTOCK_AND_DORMANT,STOP_REPLENISHMENT; REVIEW_TRANSFER_LIQUIDATION
1105,42,8876,61.05958164618568,131.3058694366887,280.3171899597142,2.547262483128522,38,4,0,0,76.41787449385566,145.36621052257854,3484.5250769361573,OVERSTOCK_AND_DORMANT,STOP_REPLENISHMENT; REVIEW_TRANSFER_LIQUIDATION
1160,44,8859,61.09471000857248,131.638324593576,281.60394658641155,2.2742804334190563,39,5,0,0,68.22841300257168,145.00437106186368,3895.297989563124,OVERSTOCK_AND_DORMANT,STOP_REPLENISHMENT; REVIEW_TRANSFER_LIQUIDATION
1167,44,9257,64.35468710967854,138.04894959317002,295.9115455361046,2.826880204430117,39,5,0,0,84.8064061329035,143.84344661987808,3274.6346964024106,OVERSTOCK_AND_DORMANT,STOP_REPLENISHMENT; REVIEW_TRANSFER_LIQUIDATION
1069,39,8697,60.46257821057811,130.2743001326454,278.492039009322,2.317959115439113,37,2,0,0,69.53877346317338,143.84103783517511,3752.0075061170546,OVERSTOCK_AND_DORMANT,STOP_REPLENISHMENT; REVIEW_TRANSFER_LIQUIDATION
1057,47,10394,72.52300615991199,156.51817204000406,333.8341175149984,2.505230061599118,46,1,0,0,75.15690184797353,143.32003801774857,4148.920356386506,OVERSTOCK_AND_DORMANT,STOP_REPLENISHMENT; REVIEW_TRANSFER_LIQUIDATION
1004,46,9963,69.71108866152073,151.16919387598088,322.35600935017607,2.843777553281872,43,3,0,0,85.31332659845616,142.91843939455498,3503.43858242434,OVERSTOCK_AND_DORMANT,STOP_REPLENISHMENT; REVIEW_TRANSFER_LIQUIDATION
1200,42,9043,63.898219730826284,138.67048000337127,330.3287367148198,2.4356488639749276,39,3,0,0,73.06946591924783,141.52193970495557,3712.768344301491,OVERSTOCK_AND_DORMANT,STOP_REPLENISHMENT; REVIEW_TRANSFER_LIQUIDATION
1093,43,9149,65.59003208884621,141.33844973351137,303.89348350310445,2.4359003208884604,40,3,0,0,73.07700962665382,139.4876585455401,3755.9008148014163,OVERSTOCK_AND_DORMANT,STOP_REPLENISHMENT; REVIEW_TRANSFER_LIQUIDATION
1079,40,8550,61.34894215549051,132.59705273130834,282.86075312203263,2.27015608822157,37,3,0,0,68.1046826466471,139.36670624784043,3766.2608506792285,OVERSTOCK_AND_DORMANT,STOP_REPLENISHMENT; REVIEW_TRANSFER_LIQUIDATION
1044,46,9475,68.0840494993576,147.87992414913256,315.3230637914765,2.480840494993574,42,4,0,0,74.42521484980722,139.16622277424023,3819.2701300711974,OVERSTOCK_AND_DORMANT,STOP_REPLENISHMENT; REVIEW_TRANSFER_LIQUIDATION
1108,41,8183,58.88428487302808,126.64157258631664,272.3430200182913,2.1621761820636123,35,6,0,0,64.86528546190837,138.96746844501834,3784.6129597959157,OVERSTOCK_AND_DORMANT,STOP_REPLENISHMENT; REVIEW_TRANSFER_LIQUIDATION
1111,42,8459,61.02254965745933,131.20088082613213,282.09688765728214,2.123558829907925,40,2,0,0,63.706764897237754,138.62088764699757,3983.4074200651044,OVERSTOCK_AND_DORMANT,STOP_REPLENISHMENT; REVIEW_TRANSFER_LIQUIDATION
1123,41,8892,64.22630616863964,138.53024022075743,296.6387696624891,2.415596395019728,41,0,0,0,72.46789185059184,138.44794338089736,3681.0785188836894,OVERSTOCK,STOP_REPLENISHMENT; REVIEW_STOCK
1039,40,8621,62.27503205779536,135.13518229572153,288.3142375775678,2.6060836539112855,38,2,0,0,78.18250961733857,138.43429244643568,3308.0288835169795,OVERSTOCK_AND_DORMANT,STOP_REPLENISHMENT; REVIEW_TRANSFER_LIQUIDATION
1132,47,9190,66.84909353202247,144.54524125153753,309.42415249298654,2.688490935320223,42,5,0,0,80.65472805960668,137.47381623952387,3418.274497141048,OVERSTOCK_AND_DORMANT,STOP_REPLENISHMENT; REVIEW_TRANSFER_LIQUIDATION
1032,40,7979,58.253634494977625,125.55987800014806,267.64882399140157,2.5125363449497744,36,4,0,0,75.37609034849324,136.96999456210608,3175.6754548199383,OVERSTOCK_AND_DORMANT,STOP_REPLENISHMENT; REVIEW_TRANSFER_LIQUIDATION
1063,47,9011,65.84217963494403,142.4666710474886,304.1788149297387,2.2384217963494386,42,5,0,0,67.15265389048315,136.8575592418214,4025.6041174615593,OVERSTOCK_AND_DORMANT,STOP_REPLENISHMENT; REVIEW_TRANSFER_LIQUIDATION
1126,47,10130,74.25775732939698,159.84481130074056,342.05017550954966,2.9259109066273012,47,0,0,0,87.77732719881904,136.41672418229308,3462.169670667401,OVERSTOCK,STOP_REPLENISHMENT; REVIEW_STOCK
1048,43,8311,61.109799322624816,132.9624761274366,284.19052980343656,2.2110979932262467,39,4,0,0,66.3329397967874,136.00110116746856,3758.7660182682785,OVERSTOCK_AND_DORMANT,STOP_REPLENISHMENT; REVIEW_TRANSFER_LIQUIDATION
1169,38,7931,58.39466873256293,125.50328188967568,268.3016286822336,2.027280020658961,38,0,0,0,60.81840061976883,135.81719311265473,3912.1383919238024,OVERSTOCK,STOP_REPLENISHMENT; REVIEW_STOCK
1192,40,7027,51.76959641398161,112.77765172799128,240.9482135644202,1.9276959641398146,34,6,0,0,57.83087892419444,135.73603981394362,3645.2843865010736,OVERSTOCK_AND_DORMANT,STOP_REPLENISHMENT; REVIEW_TRANSFER_LIQUIDATION
1054,46,9490,70.30609581098734,152.7564777808185,325.92297509339994,3.186394291443205,43,3,0,0,95.59182874329615,134.98118321792683,2978.2880371975934,OVERSTOCK_AND_DORMANT,STOP_REPLENISHMENT; REVIEW_TRANSFER_LIQUIDATION
1081,45,8662,64.34207936888441,138.639623377506,296.5257906518187,2.3667541270221757,40,5,0,0,71.00262381066527,134.62418505841623,3659.8647494061556,OVERSTOCK_AND_DORMANT,STOP_REPLENISHMENT; REVIEW_TRANSFER_LIQUIDATION
1050,43,8325,62.05140547152858,134.69425074224034,287.72708134694096,2.450514054715284,38,5,0,0,73.51542164145852,134.16295628984278,3397.2463793794686,OVERSTOCK_AND_DORMANT,STOP_REPLENISHMENT; REVIEW_TRANSFER_LIQUIDATION
1020,41,7940,59.200772941772314,128.04147059391926,273.3724307181612,2.418674396084388,37,4,0,0,72.56023188253164,134.11987049239187,3282.7899500875897,OVERSTOCK_AND_DORMANT,STOP_REPLENISHMENT; REVIEW_TRANSFER_LIQUIDATION
1147,48,9530,71.48119006069876,154.1944602368869,329.71839207404,2.5081452339403185,46,2,0,0,75.24435701820956,133.32178705905054,3799.6204809193946,OVERSTOCK_AND_DORMANT,STOP_REPLENISHMENT; REVIEW_TRANSFER_LIQUIDATION
1080,44,8442,63.43073375982681,136.71211913153056,292.2765909112916,2.3143073375982666,40,4,0,0,69.429220127948,133.09005744698877,3647.7436954250456,OVERSTOCK_AND_DORMANT,STOP_REPLENISHMENT; REVIEW_TRANSFER_LIQUIDATION
1097,44,8265,62.12792092869563,133.63225482200403,286.1274286752332,2.417945875953621,38,6,0,0,72.53837627860864,133.0319746171091,3418.190656042018,OVERSTOCK_AND_DORMANT,STOP_REPLENISHMENT; REVIEW_TRANSFER_LIQUIDATION
1075,47,9614,72.36966989596831,156.6735565965427,334.83416649735517,2.933696698959681,45,2,0,0,88.01090096879044,132.84570751559545,3277.0940511366507,OVERSTOCK_AND_DORMANT,STOP_REPLENISHMENT; REVIEW_TRANSFER_LIQUIDATION
1031,43,8598,64.72823835503914,139.4222613320797,295.9604090691105,2.7372823835503897,39,4,0,0,82.1184715065117,132.83228801685192,3141.071616019379,OVERSTOCK_AND_DORMANT,STOP_REPLENISHMENT; REVIEW_TRANSFER_LIQUIDATION
1141,40,7983,60.108934906719675,130.08663911028697,278.89958892122627,2.271089349067195,37,3,0,0,68.13268047201585,132.80887462718238,3515.0532511100273,OVERSTOCK_AND_DORMANT,STOP_REPLENISHMENT; REVIEW_TRANSFER_LIQUIDATION
1130,43,8394,63.22816319535644,136.8221660474991,293.1210543725241,2.415614965286896,39,4,0,0,72.46844895860687,132.75729636594073,3474.8915371962303,OVERSTOCK_AND_DORMANT,STOP_REPLENISHMENT; REVIEW_TRANSFER_LIQUIDATION
1012,45,9048,68.5651126660977,147.3832799591389,314.13318750626246,2.785651126660975,42,3,0,0,83.56953379982926,131.9621546319404,3248.0736418868787,OVERSTOCK_AND_DORMANT,STOP_REPLENISHMENT; REVIEW_TRANSFER_LIQUIDATION
1195,43,8752,66.57081532795219,144.7465018716269,315.97949159589587,2.45570815327952,41,2,0,0,73.67124459838561,131.46902222669868,3563.9414188172086,OVERSTOCK_AND_DORMANT,STOP_REPLENISHMENT; REVIEW_TRANSFER_LIQUIDATION
1056,41,8059,61.39313536977317,132.95441504242666,283.0948616410782,2.56393135369773,37,4,0,0,76.9179406109319,131.2687477428924,3143.219879259724,OVERSTOCK_AND_DORMANT,STOP_REPLENISHMENT; REVIEW_TRANSFER_LIQUIDATION
1076,45,8633,65.77726392862489,142.92013622128346,304.4315807333972,2.4844393059529137,41,4,0,0,74.53317917858742,131.24595771219208,3474.828295992036,OVERSTOCK_AND_DORMANT,STOP_REPLENISHMENT; REVIEW_TRANSFER_LIQUIDATION
1053,45,8866,67.71509783521547,147.56140916577542,313.9137860707275,2.240484311685486,43,2,0,0,67.21452935056458,130.930919151522,3957.1801300988486,OVERSTOCK_AND_DORMANT,STOP_REPLENISHMENT; REVIEW_TRANSFER_LIQUIDATION
1184,44,9124,70.56160992085071,152.03452202913743,326.0492765570735,2.7656160992085055,44,0,0,0,82.96848297625516,129.30543974598132,3299.0840639853113,OVERSTOCK,STOP_REPLENISHMENT; REVIEW_STOCK
1198,43,7509,58.54698342019129,127.03938906236415,269.141985452015,2.2954698342019113,37,6,0,0,68.86409502605734,128.25596745280555,3271.2257369353442,OVERSTOCK_AND_DORMANT,STOP_REPLENISHMENT; REVIEW_TRANSFER_LIQUIDATION
1102,44,8746,68.28466104366957,146.94685397056142,315.426216971614,2.436179943770027,43,1,0,0,73.08539831310081,128.081473442575,3590.0467953387,OVERSTOCK_AND_DORMANT,STOP_REPLENISHMENT; REVIEW_TRANSFER_LIQUIDATION
1106,48,9450,74.08434941868136,159.28718276467959,341.9043969131311,2.950843494186812,46,2,0,0,88.52530482560435,127.55730561382316,3202.474146330222,OVERSTOCK_AND_DORMANT,STOP_REPLENISHMENT; REVIEW_TRANSFER_LIQUIDATION
1187,44,7892,62.0186146953108,133.55454683872787,286.53589879862113,2.2868528136197726,40,4,0,0,68.60558440859317,127.25211678416787,3451.0310208850096,OVERSTOCK_AND_DORMANT,STOP_REPLENISHMENT; REVIEW_TRANSFER_LIQUIDATION
1158,42,8483,66.83512253059209,145.5230697278512,309.6786794842573,2.691684558639252,40,2,0,0,80.75053675917756,126.92428290405425,3151.5579984188325,OVERSTOCK_AND_DORMANT,STOP_REPLENISHMENT; REVIEW_TRANSFER_LIQUIDATION
1137,45,8635,68.17713627506023,147.48780667250006,322.07171941035006,2.3017713627506002,44,1,0,0,69.05314088251801,126.65536383285661,3751.4586112850225,OVERSTOCK_AND_DORMANT,STOP_REPLENISHMENT; REVIEW_TRANSFER_LIQUIDATION
1002,45,7783,61.77036380129871,136.79899530908088,284.92074268455707,2.7410369713463187,37,8,0,0,82.23110914038956,125.9989341334649,2839.436345208147,OVERSTOCK_AND_DORMANT,STOP_REPLENISHMENT; REVIEW_TRANSFER_LIQUIDATION
1064,46,9040,71.76546105822351,155.0084882307283,330.3930425442959,2.8343212772489,44,2,0,0,85.029638317467,125.9658875829673,3189.476109347268,OVERSTOCK_AND_DORMANT,STOP_REPLENISHMENT; REVIEW_TRANSFER_LIQUIDATION
1168,43,8628,68.7521713599764,147.80166785371958,316.5426031962544,2.6175217135997624,43,0,0,0,78.52565140799287,125.4942182818495,3296.2477274483776,OVERSTOCK,STOP_REPLENISHMENT; REVIEW_STOCK
1103,45,8412,67.08244793642304,144.1460882520549,309.43611813323395,2.747491146030895,41,4,0,0,82.42473438092685,125.39792835187558,3061.702314182966,OVERSTOCK_AND_DORMANT,STOP_REPLENISHMENT; REVIEW_TRANSFER_LIQUIDATION
1027,45,8461,67.54713773018295,146.064980920053,310.9127388969913,2.478804710635161,41,4,0,0,74.36414131905484,125.26067401697264,3413.338680412617,OVERSTOCK_AND_DORMANT,STOP_REPLENISHMENT; REVIEW_TRANSFER_LIQUIDATION
1014,44,8329,66.86810097026755,143.58892158557737,306.5331255943724,3.072014343036007,39,5,0,0,92.1604302910802,124.55864424358984,2711.2503621218857,OVERSTOCK_AND_DORMANT,STOP_REPLENISHMENT; REVIEW_TRANSFER_LIQUIDATION
1095,45,8394,67.4039831254603,145.09894648722292,311.2166484418011,2.500706497921268,43,2,0,0,75.02119493763803,124.53269986101697,3356.6514131016893,OVERSTOCK_AND_DORMANT,STOP_REPLENISHMENT; REVIEW_TRANSFER_LIQUIDATION
1006,46,8453,68.1843874279114,147.18418418088632,315.28471829751726,2.631843874279112,43,3,0,0,78.95531622837336,123.97266176127219,3211.8166592672064,OVERSTOCK_AND_DORMANT,STOP_REPLENISHMENT; REVIEW_TRANSFER_LIQUIDATION
1162,44,8058,65.61047435415105,140.89207957556653,301.51481532256173,2.166104743541508,42,2,0,0,64.98314230624524,122.81575585789352,3720.041712676111,OVERSTOCK_AND_DORMANT,STOP_REPLENISHMENT; REVIEW_TRANSFER_LIQUIDATION
1091,46,8299,67.62420344990451,145.38879821219135,312.18650860383065,2.776242034499043,42,4,0,0,83.2872610349713,122.72233278352527,2989.292683012599,OVERSTOCK_AND_DORMANT,STOP_REPLENISHMENT; REVIEW_TRANSFER_LIQUIDATION
1139,40,7018,57.36691882625205,124.15986262940683,267.14581713030395,2.023669188262519,36,4,0,0,60.71007564787556,122.33531351501567,3467.9581231483353,OVERSTOCK_AND_DORMANT,STOP_REPLENISHMENT; REVIEW_TRANSFER_LIQUIDATION
1041,44,8349,69.27070714967739,150.61966096531347,321.4931038264709,2.932707071496772,43,1,0,0,87.98121214490315,120.5271368453019,2846.8577994524708,OVERSTOCK_AND_DORMANT,STOP_REPLENISHMENT; REVIEW_TRANSFER_LIQUIDATION
1113,45,8548,71.15592937216822,153.40709455070683,329.64832125114293,2.488225960388347,44,1,0,0,74.6467788116504,120.13053691268976,3435.37931686312,OVERSTOCK_AND_DORMANT,STOP_REPLENISHMENT; REVIEW_TRANSFER_LIQUIDATION
1131,42,7367,61.49129946901968,132.87340407991545,284.69409210212035,2.4649129946901946,38,4,0,0,73.94738984070584,119.80556702516289,2988.7464652381896,OVERSTOCK_AND_DORMANT,STOP_REPLENISHMENT; REVIEW_TRANSFER_LIQUIDATION
1116,44,7554,63.259424512307426,136.35538572609104,292.65695232750284,2.3825942451230726,40,4,0,0,71.47782735369218,119.4130370017883,3170.49368160872,OVERSTOCK_AND_DORMANT,STOP_REPLENISHMENT; REVIEW_TRANSFER_LIQUIDATION
1058,44,7519,63.13064875179878,136.2390091487497,290.7253788943459,2.144639820851319,40,4,0,0,64.33919462553958,119.10221340447988,3505.9500093658235,OVERSTOCK_AND_DORMANT,STOP_REPLENISHMENT; REVIEW_TRANSFER_LIQUIDATION
1190,44,7965,67.09588204501244,144.93272134787273,310.3889675260776,2.790958820450123,42,2,0,0,83.72876461350369,118.71071304579527,2853.8579435992588,OVERSTOCK_AND_DORMANT,STOP_REPLENISHMENT; REVIEW_TRANSFER_LIQUIDATION
1087,43,7933,67.08912438494366,144.59436480967082,309.05307085744187,2.650891243849435,42,1,0,0,79.52673731548305,118.24569291562177,2992.578446364425,OVERSTOCK_AND_DORMANT,STOP_REPLENISHMENT; REVIEW_TRANSFER_LIQUIDATION
1099,46,7420,63.06610722668305,135.56226548645373,290.52130016698453,2.1939944056001623,39,7,0,0,65.81983216800487,117.65432062153067,3381.959398374252,OVERSTOCK_AND_DORMANT,STOP_REPLENISHMENT; REVIEW_TRANSFER_LIQUIDATION
1055,41,6976,59.84794590095862,130.1705010569239,277.80424015703494,2.0384794590095843,40,1,0,0,61.15438377028753,116.56206232281501,3422.158594322731,OVERSTOCK_AND_DORMANT,STOP_REPLENISHMENT; REVIEW_TRANSFER_LIQUIDATION
1143,43,7607,65.28132880359101,141.0302404868468,302.7636480481281,2.7994799547025755,39,4,0,0,83.98439864107726,116.5264270720781,2717.290397890414,OVERSTOCK_AND_DORMANT,STOP_REPLENISHMENT; REVIEW_TRANSFER_LIQUIDATION
1101,42,7829,67.18696630547427,144.29110944687613,309.50741896132683,2.521869663054741,41,1,0,0,75.65608989164222,116.5255767674408,3104.442753205862,OVERSTOCK_AND_DORMANT,STOP_REPLENISHMENT; REVIEW_TRANSFER_LIQUIDATION
1118,40,7316,62.79528873690573,135.28196432056242,290.9584295619329,2.294619554035722,39,1,0,0,68.83858662107167,116.50555554656248,3188.3280987180615,OVERSTOCK_AND_DORMANT,STOP_REPLENISHMENT; REVIEW_TRANSFER_LIQUIDATION
1176,42,7865,67.66264572064206,145.73441432139944,312.4906188690781,2.7499597905397524,41,1,0,0,82.49879371619257,116.23843431236978,2860.041818450111,OVERSTOCK_AND_DORMANT,STOP_REPLENISHMENT; REVIEW_TRANSFER_LIQUIDATION
1117,46,7685,66.13148765868887,142.42620122159647,305.1680668353447,2.8213148765868867,41,5,0,0,84.6394462976066,116.20788027124149,2723.9072333879317,OVERSTOCK_AND_DORMANT,STOP_REPLENISHMENT; REVIEW_TRANSFER_LIQUIDATION
1140,46,7639,66.0358413637143,142.82782599370393,306.4636601103734,2.7436917469704745,40,6,0,0,82.31075240911423,115.67960432162398,2784.204897811432,OVERSTOCK_AND_DORMANT,STOP_REPLENISHMENT; REVIEW_TRANSFER_LIQUIDATION
1124,43,7384,63.84069689917829,137.5358009667997,294.6608349137243,2.655073635658448,39,4,0,0,79.65220906975344,115.66289778542567,2781.09047554487,OVERSTOCK_AND_DORMANT,STOP_REPLENISHMENT; REVIEW_TRANSFER_LIQUIDATION
1122,42,7078,62.02380618988283,133.75511279771362,286.3539343448644,2.1202380618988266,40,2,0,0,63.607141856964795,114.11747254483305,3338.3043759063257,OVERSTOCK_AND_DORMANT,STOP_REPLENISHMENT; REVIEW_TRANSFER_LIQUIDATION
1146,43,7552,66.43116982841973,143.17943212466852,306.0630956228433,3.0809783649508624,41,2,0,0,92.42935094852587,113.68157477138391,2451.1694356284274,OVERSTOCK_AND_DORMANT,STOP_REPLENISHMENT; REVIEW_TRANSFER_LIQUIDATION
1052,45,7719,68.26728794210604,148.55553761449227,316.18496271906184,2.819339546087725,42,3,0,0,84.58018638263175,113.07026004235125,2737.875262563291,OVERSTOCK_AND_DORMANT,STOP_REPLENISHMENT; REVIEW_TRANSFER_LIQUIDATION
1181,45,7524,66.56521177779172,143.32663632829232,307.6956154744746,2.8256521177779153,40,5,0,0,84.76956353333746,113.03201475744793,2662.7481679934654,OVERSTOCK_AND_DORMANT,STOP_REPLENISHMENT; REVIEW_TRANSFER_LIQUIDATION
1191,42,7494,66.62886787358215,144.1774569028742,308.9047607561284,2.5562886787358194,42,0,0,0,76.68866036207459,112.47377059173049,2931.59378372949,OVERSTOCK,STOP_REPLENISHMENT; REVIEW_STOCK
1061,39,6647,59.20358971180819,127.82859304392362,272.51454807806317,2.338702563784747,36,3,0,0,70.1610769135424,112.27359746860505,2842.174162259903,OVERSTOCK_AND_DORMANT,STOP_REPLENISHMENT; REVIEW_TRANSFER_LIQUIDATION
1062,41,6902,61.90271293123458,133.70071981112397,285.48127920420035,2.6190271293123444,37,4,0,0,78.57081387937033,111.4975365888596,2635.3297080249026,OVERSTOCK_AND_DORMANT,STOP_REPLENISHMENT; REVIEW_TRANSFER_LIQUIDATION
1186,43,7209,64.7561540678874,139.5610951217835,299.36620091616004,2.420894874012206,41,2,0,0,72.62684622036618,111.3253265850596,2977.824472011193,OVERSTOCK_AND_DORMANT,STOP_REPLENISHMENT; REVIEW_TRANSFER_LIQUIDATION
1085,44,7300,65.72756756606435,141.6356458805695,303.1313060753884,2.5872756756606416,41,3,0,0,77.61827026981925,111.0645087034842,2821.500649765897,OVERSTOCK_AND_DORMANT,STOP_REPLENISHMENT; REVIEW_TRANSFER_LIQUIDATION
1023,41,6759,60.920708219158286,132.09195735550117,281.62342139674007,2.1392070821915814,38,3,0,0,64.17621246574744,110.9474954835544,3159.5819106374306,OVERSTOCK_AND_DORMANT,STOP_REPLENISHMENT; REVIEW_TRANSFER_LIQUIDATION
1015,43,7588,69.19316162492726,148.93776780355972,320.5406474362615,2.6785982829159374,42,1,0,0,80.35794848747813,109.66401623807832,2832.8249325015095,OVERSTOCK_AND_DORMANT,STOP_REPLENISHMENT; REVIEW_TRANSFER_LIQUIDATION
1011,46,7557,68.93763376923643,148.11611649649154,316.75316801888073,2.9293763376923625,42,4,0,0,87.88129013077088,109.62082083200727,2579.7299932971678,OVERSTOCK_AND_DORMANT,STOP_REPLENISHMENT; REVIEW_TRANSFER_LIQUIDATION
1008,44,7055,64.59964070656841,139.06902411711928,297.47197173602103,2.519329740399016,40,4,0,0,75.57989221197047,109.21113372821989,2800.3480000528302,OVERSTOCK_AND_DORMANT,STOP_REPLENISHMENT; REVIEW_TRANSFER_LIQUIDATION
1090,45,7425,68.58676399644821,147.40734443550494,315.84925815017664,3.1925343066311473,41,4,0,0,95.77602919893442,108.25703922092761,2325.738515817257,OVERSTOCK_AND_DORMANT,STOP_REPLENISHMENT; REVIEW_TRANSFER_LIQUIDATION
1170,44,7467,69.40144119136552,148.86288933098214,318.10294733732906,3.0840144119136537,42,2,0,0,92.5204323574096,107.59142565081193,2421.1949111374843,OVERSTOCK_AND_DORMANT,STOP_REPLENISHMENT; REVIEW_TRANSFER_LIQUIDATION
1194,45,7913,73.56359894154357,159.5275006260847,342.5542789707538,2.8223026560821003,44,1,0,0,84.669079682463,107.56678729500402,2803.7389905534683,OVERSTOCK_AND_DORMANT,STOP_REPLENISHMENT; REVIEW_TRANSFER_LIQUIDATION
1152,41,6448,60.244229266795884,130.05572979993875,277.92006617316974,2.2857756260012905,38,3,0,0,68.57326878003872,107.03099829602883,2820.924296616137,OVERSTOCK_AND_DORMANT,STOP_REPLENISHMENT; REVIEW_TRANSFER_LIQUIDATION
1136,45,7049,66.30894992896195,143.2195752556439,306.85900383513285,2.1197561659562845,43,2,0,0,63.59268497868853,106.3054083581738,3325.382472384501,OVERSTOCK_AND_DORMANT,STOP_REPLENISHMENT; REVIEW_TRANSFER_LIQUIDATION
1074,44,7038,67.08925083012039,145.1074722206715,310.0886714609744,2.6042258416345354,42,2,0,0,78.12677524903606,104.90503192264325,2702.5305898902448,OVERSTOCK_AND_DORMANT,STOP_REPLENISHMENT; REVIEW_TRANSFER_LIQUIDATION
1030,46,7802,74.70109641899093,161.51600885913518,344.69808569970456,2.8936776308565744,45,1,0,0,86.81032892569723,104.44291146999193,2696.222936792888,OVERSTOCK_AND_DORMANT,STOP_REPLENISHMENT; REVIEW_TRANSFER_LIQUIDATION
1185,45,7186,69.79856418442421,150.24954354858176,321.96200558516443,2.554652308510907,44,1,0,0,76.6395692553272,102.95340719349039,2812.9072500628004,OVERSTOCK_AND_DORMANT,STOP_REPLENISHMENT; REVIEW_TRANSFER_LIQUIDATION
1115,45,6689,65.04874665918148,140.23057795630183,300.6409748617192,2.740487466591813,41,4,0,0,82.21462399775439,102.83057466190033,2440.8066380681994,OVERSTOCK_AND_DORMANT,STOP_REPLENISHMENT; REVIEW_TRANSFER_LIQUIDATION
1083,47,7593,73.84799343492055,159.01185394215906,340.52022442942035,2.981813267682537,45,2,0,0,89.4543980304761,102.81931365801326,2546.437123442433,OVERSTOCK_AND_DORMANT,STOP_REPLENISHMENT; REVIEW_TRANSFER_LIQUIDATION
1007,38,5874,57.21283301750199,123.52871811224044,265.1816757783959,2.238794996841685,35,3,0,0,67.16384990525056,102.66927348630128,2623.7328599923508,OVERSTOCK_AND_DORMANT,STOP_REPLENISHMENT; REVIEW_TRANSFER_LIQUIDATION
1026,36,6079,59.65480957167079,129.37852393172324,275.65887365155265,2.6165480957167064,35,1,0,0,78.49644287150119,101.90293194543747,2323.289990331664,OVERSTOCK_AND_DORMANT,STOP_REPLENISHMENT; REVIEW_TRANSFER_LIQUIDATION
1003,46,7089,70.45610880147149,156.06680359003073,324.86225755721006,2.68122775468138,44,2,0,0,80.4368326404414,100.61583190713968,2643.938019671295,OVERSTOCK_AND_DORMANT,STOP_REPLENISHMENT; REVIEW_TRANSFER_LIQUIDATION
1154,46,6856,68.27777608884026,147.39752707744026,315.0450432059568,2.4627777608884003,44,2,0,0,73.88333282665201,100.41334666611363,2783.848428746095,OVERSTOCK_AND_DORMANT,STOP_REPLENISHMENT; REVIEW_TRANSFER_LIQUIDATION
1028,44,6357,63.503100572687615,137.17307877278324,292.16645050741437,2.5983643390602076,39,5,0,0,77.95093017180622,100.10534828490115,2446.5391186438615,OVERSTOCK_AND_DORMANT,STOP_REPLENISHMENT; REVIEW_TRANSFER_LIQUIDATION
1047,41,5799,58.01692079100409,126.39337546827508,270.0081261431506,1.946835874576706,37,4,0,0,58.40507623730118,99.95359838020175,2978.679443772248,OVERSTOCK_AND_DORMANT,STOP_REPLENISHMENT; REVIEW_TRANSFER_LIQUIDATION
1135,43,6718,67.23112201340192,145.15384985838904,310.76857350273775,2.6389778868006837,41,2,0,0,79.16933660402051,99.92396079096862,2545.6825665729407,OVERSTOCK_AND_DORMANT,STOP_REPLENISHMENT; REVIEW_TRANSFER_LIQUIDATION
1144,47,7214,72.22440517528433,155.6220533539922,332.4593270781925,3.1122440517528416,43,4,0,0,93.36732155258525,99.88313482806888,2317.941613845166,OVERSTOCK_AND_DORMANT,STOP_REPLENISHMENT; REVIEW_TRANSFER_LIQUIDATION
1125,42,6533,65.57347708124904,141.42655867304956,302.72797257757355,2.7357347708124884,40,2,0,0,82.07204312437466,99.62869578969047,2388.02389387322,OVERSTOCK_AND_DORMANT,STOP_REPLENISHMENT; REVIEW_TRANSFER_LIQUIDATION
1066,44,6583,66.11005171188864,142.55549423153644,305.1443075071546,2.344433850452218,43,1,0,0,70.33301551356654,99.5763855803515,2807.927380305571,OVERSTOCK_AND_DORMANT,STOP_REPLENISHMENT; REVIEW_TRANSFER_LIQUIDATION
1005,46,7182,72.264948692228,156.22475105224137,334.5881949917243,2.8259828202556116,45,1,0,0,84.77948460766835,99.38428145279254,2541.4167235986183,OVERSTOCK_AND_DORMANT,STOP_REPLENISHMENT; REVIEW_TRANSFER_LIQUIDATION
1046,49,7431,75.06748366738626,163.67607957702472,349.7905607886067,2.9773415033405275,46,3,0,0,89.32024510021583,98.99092972032663,2495.850741899289,OVERSTOCK_AND_DORMANT,STOP_REPLENISHMENT; REVIEW_TRANSFER_LIQUIDATION
1156,44,6814,69.10729246145297,153.92418200529016,345.76427420429184,2.6277395912811947,42,2,0,0,78.83218773843583,98.60030334426354,2593.1032217228685,OVERSTOCK_AND_DORMANT,STOP_REPLENISHMENT; REVIEW_TRANSFER_LIQUIDATION
1165,44,6716,68.33604439576915,146.82199813009348,314.8490653858104,2.596693777291023,43,1,0,0,77.90081331873068,98.27902769882601,2586.3658082187903,OVERSTOCK_AND_DORMANT,STOP_REPLENISHMENT; REVIEW_TRANSFER_LIQUIDATION
1145,45,6393,65.1426060005704,140.54117464423143,300.1532788726072,2.5347593933390358,39,6,0,0,76.04278180017107,98.13853624376068,2522.1328765167364,OVERSTOCK_AND_DORMANT,STOP_REPLENISHMENT; REVIEW_TRANSFER_LIQUIDATION
1082,45,6804,69.64463331331696,150.07258870854977,321.44349635613116,2.8364463331331677,44,1,0,0,85.09338999399503,97.69596990180415,2398.7762153371086,OVERSTOCK_AND_DORMANT,STOP_REPLENISHMENT; REVIEW_TRANSFER_LIQUIDATION
1163,44,6520,67.03559769332114,143.7885910680357,308.58038940872405,2.97035597693321,40,4,0,0,89.11067930799629,97.26175680312608,2195.023105187438,OVERSTOCK_AND_DORMANT,STOP_REPLENISHMENT; REVIEW_TRANSFER_LIQUIDATION
1092,43,6180,63.84853997765188,137.5256274855389,295.1773555169911,2.2518187331098503,41,2,0,0,67.55456199329551,96.79156331786301,2744.4482582597475,OVERSTOCK_AND_DORMANT,STOP_REPLENISHMENT; REVIEW_TRANSFER_LIQUIDATION
1034,44,6433,66.85187748395428,144.11613417820357,309.70725603472255,2.5651854415062076,42,2,0,0,76.95556324518623,96.22766393575172,2507.8108958168405,OVERSTOCK_AND_DORMANT,STOP_REPLENISHMENT; REVIEW_TRANSFER_LIQUIDATION
1179,40,5762,59.87973021055756,129.15814632418417,277.58138901413776,2.258797302105574,37,3,0,0,67.76391906316721,96.22621845053146,2550.915035461066,OVERSTOCK_AND_DORMANT,STOP_REPLENISHMENT; REVIEW_TRANSFER_LIQUIDATION
1112,48,6850,71.28858286719083,153.30251927068124,329.1198703667691,2.8728858286719063,45,3,0,0,86.1865748601572,96.08831771507381,2384.362069538509,OVERSTOCK_AND_DORMANT,STOP_REPLENISHMENT; REVIEW_TRANSFER_LIQUIDATION
1088,46,6694,69.85670417592395,150.4805544680301,321.5311837735005,2.5252337084259042,44,2,0,0,75.75701125277713,95.82473262898482,2650.843752665048,OVERSTOCK_AND_DORMANT,STOP_REPLENISHMENT; REVIEW_TRANSFER_LIQUIDATION
1018,39,5930,62.01422278816254,134.07055891075677,284.38827019948974,2.5734755612149574,38,1,0,0,77.20426683644872,95.62322534068646,2304.276787925043,OVERSTOCK_AND_DORMANT,STOP_REPLENISHMENT; REVIEW_TRANSFER_LIQUIDATION
1084,43,6098,63.959152597197445,137.77887877765076,295.1519726464308,2.5329248593053055,41,2,0,0,75.98774577915917,95.34210120643783,2407.4934467943403,OVERSTOCK_AND_DORMANT,STOP_REPLENISHMENT; REVIEW_TRANSFER_LIQUIDATION
1171,43,6625,69.63016390091396,149.5630533368499,319.8289967644343,2.7896349723424705,42,1,0,0,83.68904917027412,95.14554653968064,2374.862684789528,OVERSTOCK_AND_DORMANT,STOP_REPLENISHMENT; REVIEW_TRANSFER_LIQUIDATION
1033,46,6538,69.63084629617455,149.94662977988034,322.6226152362655,2.7996417962950773,43,3,0,0,83.98925388885232,93.89516784257714,2335.2987545235615,OVERSTOCK_AND_DORMANT,STOP_REPLENISHMENT; REVIEW_TRANSFER_LIQUIDATION
1022,46,6785,72.47118496594446,156.90887031768588,335.0536320465462,2.808045182992776,46,0,0,0,84.24135548978327,93.62341740635807,2416.2716615437935,OVERSTOCK,STOP_REPLENISHMENT; REVIEW_STOCK
1148,45,6849,73.23842108608085,158.0549011392522,338.32572817260996,2.762384210860806,44,1,0,0,82.87152632582418,93.51648900172249,2479.3799403688795,OVERSTOCK_AND_DORMANT,STOP_REPLENISHMENT; REVIEW_TRANSFER_LIQUIDATION
1157,42,6196,66.31241895247997,144.36701961041996,306.6531411969717,2.869790856191465,40,2,0,0,86.09372568574395,93.43649497147895,2159.0423520349455,OVERSTOCK_AND_DORMANT,STOP_REPLENISHMENT; REVIEW_TRANSFER_LIQUIDATION
1077,45,6381,68.49783052662958,148.1161706210628,316.2593686721821,2.694978305266294,41,4,0,0,80.84934915798881,93.1562350360759,2367.7370565584147,OVERSTOCK_AND_DORMANT,STOP_REPLENISHMENT; REVIEW_TRANSFER_LIQUIDATION
1138,42,6086,65.75343920119315,142.36801888294195,311.0703602290414,2.4608677253452633,40,2,0,0,73.82603176035789,92.55789619426575,2473.1113896607853,OVERSTOCK_AND_DORMANT,STOP_REPLENISHMENT; REVIEW_TRANSFER_LIQUIDATION
1134,40,5700,61.96381093735836,133.78340136378725,286.5926576266356,2.4529714427069154,39,1,0,0,73.58914328120746,91.98917745330985,2323.712335480721,OVERSTOCK_AND_DORMANT,STOP_REPLENISHMENT; REVIEW_TRANSFER_LIQUIDATION
1017,41,5874,65.15746655450442,140.70864996131132,299.4056891521972,2.4982413322117094,39,2,0,0,74.94723996635128,90.15083474871419,2351.254029889782,OVERSTOCK_AND_DORMANT,STOP_REPLENISHMENT; REVIEW_TRANSFER_LIQUIDATION
1060,42,5733,64.10326180039009,138.4833243417613,295.1275445853489,2.7410326180038993,38,4,0,0,82.23097854011698,89.4338265945324,2091.5475293303657,OVERSTOCK_AND_DORMANT,STOP_REPLENISHMENT; REVIEW_TRANSFER_LIQUIDATION
1025,43,5722,64.50632122688097,140.0541173747555,298.3616057626329,2.575063212268808,40,3,0,0,77.25189636806424,88.70448494302815,2222.08137366792,OVERSTOCK_AND_DORMANT,STOP_REPLENISHMENT; REVIEW_TRANSFER_LIQUIDATION
1175,41,5685,64.61329785713039,138.9235641045506,297.1183313964242,2.6727996452379688,40,1,0,0,80.18398935713907,87.9849843382144,2126.983221555256,OVERSTOCK_AND_DORMANT,STOP_REPLENISHMENT; REVIEW_TRANSFER_LIQUIDATION
1043,44,5346,62.661965130438944,136.19972830610786,290.7381014323686,2.279952984637721,40,4,0,0,68.39858953913162,85.31491134808194,2344.7851933883044,OVERSTOCK_AND_DORMANT,STOP_REPLENISHMENT; REVIEW_TRANSFER_LIQUIDATION
1151,43,5174,61.96034076539872,133.81879098824967,286.14220489098415,2.2596034076539855,39,4,0,0,67.78810222961957,83.50502815325672,2289.7823496256196,OVERSTOCK_AND_DORMANT,STOP_REPLENISHMENT; REVIEW_TRANSFER_LIQUIDATION
1001,48,5919,71.54573410990979,155.2433507203098,322.4596327782135,2.945457341099096,43,5,0,0,88.36372023297288,82.73029934820615,2009.5351297097136,OVERSTOCK_AND_DORMANT,STOP_REPLENISHMENT; REVIEW_TRANSFER_LIQUIDATION
1098,43,4979,60.3969892162223,129.90236153448353,278.61636937754224,2.4139698921622212,37,6,0,0,72.41909676486664,82.4378841497395,2062.5775061097597,OVERSTOCK_AND_DORMANT,STOP_REPLENISHMENT; REVIEW_TRANSFER_LIQUIDATION
1036,42,4854,59.6122629861339,128.58907882150294,274.35139567701145,2.1861226298613374,38,4,0,0,65.58367889584012,81.42619918873176,2220.369495149447,OVERSTOCK_AND_DORMANT,STOP_REPLENISHMENT; REVIEW_TRANSFER_LIQUIDATION
1107,44,5227,64.33391129328798,138.23612818944423,296.90642951834667,2.596672446266211,40,4,0,0,77.90017338798633,81.24797474493577,2012.9608597788185,OVERSTOCK_AND_DORMANT,STOP_REPLENISHMENT; REVIEW_TRANSFER_LIQUIDATION
1040,46,5512,68.42793730437974,148.62233457214003,317.47360687587724,2.587612706377129,44,2,0,0,77.62838119131386,80.55189469589935,2130.148760831081,OVERSTOCK_AND_DORMANT,STOP_REPLENISHMENT; REVIEW_TRANSFER_LIQUIDATION
1019,44,4947,61.413947148994176,132.8806253508546,283.5257924955082,2.0274728048232733,41,3,0,0,60.8241841446982,80.55173506432115,2439.9834060566895,OVERSTOCK_AND_DORMANT,STOP_REPLENISHMENT; REVIEW_TRANSFER_LIQUIDATION
1164,46,5465,67.86571304551532,145.79107312971223,312.8913249390361,2.9019904637884846,42,4,0,0,87.05971391365453,80.5266717868978,1883.1901993453014,OVERSTOCK_AND_DORMANT,STOP_REPLENISHMENT; REVIEW_TRANSFER_LIQUIDATION
1199,45,5228,65.21774409882092,142.02101337883698,291.4498398925636,2.558844107654874,42,3,0,0,76.76532322964621,80.16223302784431,2043.1100059437972,OVERSTOCK_AND_DORMANT,STOP_REPLENISHMENT; REVIEW_TRANSFER_LIQUIDATION
1038,44,5082,63.5323643672484,138.02701795652823,294.4225271327358,2.401990310339149,40,4,0,0,72.05970931017447,79.9907267833373,2115.7454208391237,OVERSTOCK_AND_DORMANT,STOP_REPLENISHMENT; REVIEW_TRANSFER_LIQUIDATION
1009,40,4380,56.267943283941875,121.16391080744515,259.2025803366314,2.1726794328394172,35,5,0,0,65.18038298518252,77.84183576601411,2015.9439693668448,OVERSTOCK_AND_DORMANT,STOP_REPLENISHMENT; REVIEW_TRANSFER_LIQUIDATION
1155,45,5165,66.43461725245706,143.45756383658406,306.6518062495193,2.2543461725245684,43,2,0,0,67.63038517573705,77.74561235707239,2291.1299351225575,OVERSTOCK_AND_DORMANT,STOP_REPLENISHMENT; REVIEW_TRANSFER_LIQUIDATION
1089,43,4672,60.34614113240865,130.00402674785232,278.4879420132859,2.146794744657418,39,4,0,0,64.40384233972253,77.42002905784678,2176.267671432907,OVERSTOCK_AND_DORMANT,STOP_REPLENISHMENT; REVIEW_TRANSFER_LIQUIDATION
1049,45,5464,70.59183551046151,153.87582072270078,328.196554819528,2.5359183551046134,44,1,0,0,76.0775506531384,77.40271889077385,2154.643499859283,OVERSTOCK_AND_DORMANT,STOP_REPLENISHMENT; REVIEW_TRANSFER_LIQUIDATION
1159,43,4859,63.29101634400177,136.54769616329915,291.9815943370782,2.2462434967733493,41,2,0,0,67.38730490320049,76.7723490738429,2163.167086284183,OVERSTOCK_AND_DORMANT,STOP_REPLENISHMENT; REVIEW_TRANSFER_LIQUIDATION
1051,46,4808,62.722984859139444,136.27079534699703,291.2876176573152,2.3505631819247257,40,6,0,0,70.51689545774177,76.65451525939969,2045.4672467314988,OVERSTOCK_AND_DORMANT,STOP_REPLENISHMENT; REVIEW_TRANSFER_LIQUIDATION
1109,43,4915,64.23892041166387,138.11500903684333,296.9629553584272,2.76572253744997,40,3,0,0,82.97167612349911,76.51124845347779,1777.1124664340662,OVERSTOCK_AND_DORMANT,STOP_REPLENISHMENT; REVIEW_TRANSFER_LIQUIDATION
1059,46,5354,70.26362397877745,151.82547372397912,323.8713740890408,2.7026362397877723,44,2,0,0,81.07908719363317,76.19874547912775,1981.0287160289204,OVERSTOCK_AND_DORMANT,STOP_REPLENISHMENT; REVIEW_TRANSFER_LIQUIDATION
1078,46,5327,70.27848493610196,151.92272478276763,323.9225605709765,2.736118182694351,44,2,0,0,82.08354548083054,75.79844677703812,1946.9188259822597,OVERSTOCK_AND_DORMANT,STOP_REPLENISHMENT; REVIEW_TRANSFER_LIQUIDATION
1100,49,5688,75.07542061771537,161.40525034418357,346.30925920360704,2.990754206177152,46,3,0,0,89.72262618531457,75.76381128736315,1901.8614061469555,OVERSTOCK_AND_DORMANT,STOP_REPLENISHMENT; REVIEW_TRANSFER_LIQUIDATION
1072,47,5314,70.22799702806508,151.34232520407647,323.685174290263,2.5756133036139826,46,1,0,0,77.26839910841947,75.667828001365,2063.1979158298486,OVERSTOCK_AND_DORMANT,STOP_REPLENISHMENT; REVIEW_TRANSFER_LIQUIDATION
1173,46,5326,70.602074254546,151.57745689351114,323.94322693911965,3.052687409212125,43,3,0,0,91.58062227636374,75.43687712060478,1744.6922288628955,OVERSTOCK_AND_DORMANT,STOP_REPLENISHMENT; REVIEW_TRANSFER_LIQUIDATION
1197,44,5033,66.86536417464961,145.4536869000782,309.3648076817986,2.725320308413161,42,2,0,0,81.75960925239484,75.27065861563258,1846.7554013606948,OVERSTOCK_AND_DORMANT,STOP_REPLENISHMENT; REVIEW_TRANSFER_LIQUIDATION
1149,42,4365,58.334788769170856,125.97352264371592,269.92194360520017,2.45668122102504,38,4,0,0,73.7004366307512,74.82670447770342,1776.7873025783629,OVERSTOCK_AND_DORMANT,STOP_REPLENISHMENT; REVIEW_TRANSFER_LIQUIDATION
1114,47,5278,70.75025640334145,152.48586363089595,327.1619340141599,2.8641692307000794,44,3,0,0,85.92507692100239,74.6004363561674,1842.7682077674983,OVERSTOCK_AND_DORMANT,STOP_REPLENISHMENT; REVIEW_TRANSFER_LIQUIDATION
1183,41,4443,59.57104307998484,128.110304048456,274.503123217249,2.2157104307998465,38,3,0,0,66.4713129239954,74.58321644686451,2005.2259258427225,OVERSTOCK_AND_DORMANT,STOP_REPLENISHMENT; REVIEW_TRANSFER_LIQUIDATION
1153,42,4723,64.11271203477133,138.48790806030675,296.83988017028497,2.374460453681045,40,2,0,0,71.23381361043135,73.66713792170412,1989.0834537497115,OVERSTOCK_AND_DORMANT,STOP_REPLENISHMENT; REVIEW_TRANSFER_LIQUIDATION
1065,44,4849,65.9786326815387,142.40769131374245,303.9476564123698,2.423119660148718,42,2,0,0,72.69358980446154,73.49349028502655,2001.1393080366465,OVERSTOCK_AND_DORMANT,STOP_REPLENISHMENT; REVIEW_TRANSFER_LIQUIDATION
1045,39,4269,58.503824472218206,127.24637589144294,271.922997316242,2.21503824472218,36,3,0,0,66.4511473416654,72.96958854420237,1927.280492863651,OVERSTOCK_AND_DORMANT,STOP_REPLENISHMENT; REVIEW_TRANSFER_LIQUIDATION
1150,42,4801,65.80910569091684,142.2659352123085,304.92179749061756,2.3814243902425,41,1,0,0,71.442731707275,72.9534302220832,2016.0203362623304,OVERSTOCK_AND_DORMANT,STOP_REPLENISHMENT; REVIEW_TRANSFER_LIQUIDATION
1174,45,5097,70.12457624498532,150.57887070020183,321.73628409248727,2.9979124291165182,42,3,0,0,89.93737287349555,72.68493120291036,1700.183084234412,OVERSTOCK_AND_DORMANT,STOP_REPLENISHMENT; REVIEW_TRANSFER_LIQUIDATION
1035,46,4892,67.51719355799105,145.79479436598803,314.3400398104891,2.878505268913242,42,4,0,0,86.35515806739726,72.45561822409314,1699.4931546006646,OVERSTOCK_AND_DORMANT,STOP_REPLENISHMENT; REVIEW_TRANSFER_LIQUIDATION
1161,43,4489,62.43800915724309,134.57112417665343,287.82315911946506,2.491046758239096,38,5,0,0,74.73140274717288,71.8953096133312,1802.0536889372738,OVERSTOCK_AND_DORMANT,STOP_REPLENISHMENT; REVIEW_TRANSFER_LIQUIDATION
1129,46,5485,76.70094822228333,165.8161684795505,354.82528818497667,3.3503428155561643,46,0,0,0,100.51028446668494,71.51150184094446,1637.1458987815483,OVERSTOCK,STOP_REPLENISHMENT; REVIEW_STOCK
1189,44,4564,63.83772734913265,137.874757223008,295.5331347591509,2.431710606824658,41,3,0,0,72.95131820473974,71.49377318899825,1876.8680727019973,OVERSTOCK_AND_DORMANT,STOP_REPLENISHMENT; REVIEW_TRANSFER_LIQUIDATION
1073,43,4836,67.965142916629,146.49179715931737,313.5699254022669,2.4396514291662883,42,1,0,0,73.18954287498865,71.15412095774138,1982.250391258814,OVERSTOCK_AND_DORMANT,STOP_REPLENISHMENT; REVIEW_TRANSFER_LIQUIDATION
1037,43,4485,63.21592525368974,136.11407972795564,288.6594159905261,2.465492585870229,40,3,0,0,73.96477757610687,70.94731243751309,1819.1091004303137,OVERSTOCK_AND_DORMANT,STOP_REPLENISHMENT; REVIEW_TRANSFER_LIQUIDATION
1096,42,4559,64.8310724867375,139.4900706962979,299.4037193872497,2.3549773915340397,41,1,0,0,70.64932174602119,70.32121828514614,1935.8996890540222,OVERSTOCK_AND_DORMANT,STOP_REPLENISHMENT; REVIEW_TRANSFER_LIQUIDATION
1142,42,4680,67.44094798603393,145.89943442926727,312.9355974506005,2.5410761465270046,41,1,0,0,76.23228439581014,69.39404234011008,1841.7393773879435,OVERSTOCK_AND_DORMANT,STOP_REPLENISHMENT; REVIEW_TRANSFER_LIQUIDATION
1133,43,4714,69.03842669945784,149.44568690681027,320.0291344076139,2.9770509336612436,41,2,0,0,89.3115280098373,68.28081440096054,1583.4462039930966,OVERSTOCK_AND_DORMANT,STOP_REPLENISHMENT; REVIEW_TRANSFER_LIQUIDATION
1068,44,4732,69.91643122041877,150.85480237430417,325.229720310908,2.642497645537519,43,1,0,0,79.27492936612558,67.68080002656144,1790.7300723582853,OVERSTOCK_AND_DORMANT,STOP_REPLENISHMENT; REVIEW_TRANSFER_LIQUIDATION
1172,41,4294,65.2548655685166,139.960831581618,299.20728833746534,2.4958819890184976,40,1,0,0,74.87645967055492,65.80352227515304,1720.4339062876165,OVERSTOCK_AND_DORMANT,STOP_REPLENISHMENT; REVIEW_TRANSFER_LIQUIDATION
